PID,Topic,UV
875,Methodology,repeatable_and_parametrized
875,Measurement Theory,repeatable_and_notparametrized
875,Distribution,repeatable_and_parametrized
875,Cross Table,repeatable_and_notparametrized
875,Correlation,repeatable_and_parametrized
875,Mean Difference,repeatable_and_notparametrized
568,Methodology,repeatable_and_notparametrized
568,Measurement Theory,repeatable_and_parametrized
568,Distribution,repeatable_and_notparametrized
568,Cross Table,repeatable_and_parametrized
568,Correlation,repeatable_and_notparametrized
568,Mean Difference,repeatable_and_parametrized
767,Methodology,repeatable_and_notparametrized
767,Measurement Theory,repeatable_and_parametrized
767,Distribution,repeatable_and_notparametrized
767,Cross Table,repeatable_and_parametrized
767,Correlation,repeatable_and_notparametrized
767,Mean Difference,repeatable_and_parametrized
635,Methodology,repeatable_and_parametrized
635,Measurement Theory,repeatable_and_notparametrized
635,Distribution,repeatable_and_parametrized
635,Cross Table,repeatable_and_notparametrized
635,Correlation,repeatable_and_parametrized
635,Mean Difference,repeatable_and_notparametrized
765,Methodology,repeatable_and_notparametrized
765,Measurement Theory,repeatable_and_parametrized
765,Distribution,repeatable_and_notparametrized
765,Cross Table,repeatable_and_parametrized
765,Correlation,repeatable_and_notparametrized
765,Mean Difference,repeatable_and_parametrized
554,Methodology,repeatable_and_parametrized
554,Measurement Theory,repeatable_and_notparametrized
554,Distribution,repeatable_and_parametrized
554,Cross Table,repeatable_and_notparametrized
554,Correlation,repeatable_and_parametrized
554,Mean Difference,repeatable_and_notparametrized
656,Methodology,repeatable_and_notparametrized
656,Measurement Theory,repeatable_and_parametrized
656,Distribution,repeatable_and_notparametrized
656,Cross Table,repeatable_and_parametrized
656,Correlation,repeatable_and_notparametrized
656,Mean Difference,repeatable_and_parametrized
797,Methodology,repeatable_and_parametrized
797,Measurement Theory,repeatable_and_notparametrized
797,Distribution,repeatable_and_parametrized
797,Cross Table,repeatable_and_notparametrized
797,Correlation,repeatable_and_parametrized
797,Mean Difference,repeatable_and_notparametrized
537,Methodology,repeatable_and_parametrized
537,Measurement Theory,repeatable_and_notparametrized
537,Distribution,repeatable_and_parametrized
537,Cross Table,repeatable_and_notparametrized
537,Correlation,repeatable_and_parametrized
537,Mean Difference,repeatable_and_notparametrized
694,Methodology,repeatable_and_notparametrized
694,Measurement Theory,repeatable_and_parametrized
694,Distribution,repeatable_and_notparametrized
694,Cross Table,repeatable_and_parametrized
694,Correlation,repeatable_and_notparametrized
694,Mean Difference,repeatable_and_parametrized
546,Methodology,repeatable_and_parametrized
546,Measurement Theory,repeatable_and_notparametrized
546,Distribution,repeatable_and_parametrized
546,Cross Table,repeatable_and_notparametrized
546,Correlation,repeatable_and_parametrized
546,Mean Difference,repeatable_and_notparametrized
541,Methodology,repeatable_and_notparametrized
541,Measurement Theory,repeatable_and_parametrized
541,Distribution,repeatable_and_notparametrized
541,Cross Table,repeatable_and_parametrized
541,Correlation,repeatable_and_notparametrized
541,Mean Difference,repeatable_and_parametrized
727,Methodology,repeatable_and_parametrized
727,Measurement Theory,repeatable_and_notparametrized
727,Distribution,repeatable_and_parametrized
727,Cross Table,repeatable_and_notparametrized
727,Correlation,repeatable_and_parametrized
727,Mean Difference,repeatable_and_notparametrized
861,Methodology,repeatable_and_notparametrized
861,Measurement Theory,repeatable_and_parametrized
861,Distribution,repeatable_and_notparametrized
861,Cross Table,repeatable_and_parametrized
861,Correlation,repeatable_and_notparametrized
861,Mean Difference,repeatable_and_parametrized
760,Methodology,repeatable_and_parametrized
760,Measurement Theory,repeatable_and_notparametrized
760,Distribution,repeatable_and_parametrized
760,Cross Table,repeatable_and_notparametrized
760,Correlation,repeatable_and_parametrized
760,Mean Difference,repeatable_and_notparametrized
578,Methodology,repeatable_and_notparametrized
578,Measurement Theory,repeatable_and_parametrized
578,Distribution,repeatable_and_notparametrized
578,Cross Table,repeatable_and_parametrized
578,Correlation,repeatable_and_notparametrized
578,Mean Difference,repeatable_and_parametrized
445,Methodology,repeatable_and_notparametrized
445,Measurement Theory,repeatable_and_parametrized
445,Distribution,repeatable_and_notparametrized
445,Cross Table,repeatable_and_parametrized
445,Correlation,repeatable_and_notparametrized
445,Mean Difference,repeatable_and_parametrized
567,Methodology,repeatable_and_notparametrized
567,Measurement Theory,repeatable_and_parametrized
567,Distribution,repeatable_and_notparametrized
567,Cross Table,repeatable_and_parametrized
567,Correlation,repeatable_and_notparametrized
567,Mean Difference,repeatable_and_parametrized
307,Methodology,repeatable_and_notparametrized
307,Measurement Theory,repeatable_and_parametrized
307,Distribution,repeatable_and_notparametrized
307,Cross Table,repeatable_and_parametrized
307,Correlation,repeatable_and_notparametrized
307,Mean Difference,repeatable_and_parametrized
706,Methodology,repeatable_and_notparametrized
706,Measurement Theory,repeatable_and_parametrized
706,Distribution,repeatable_and_notparametrized
706,Cross Table,repeatable_and_parametrized
706,Correlation,repeatable_and_notparametrized
706,Mean Difference,repeatable_and_parametrized
572,Methodology,repeatable_and_parametrized
572,Measurement Theory,repeatable_and_notparametrized
572,Distribution,repeatable_and_parametrized
572,Cross Table,repeatable_and_notparametrized
572,Correlation,repeatable_and_parametrized
572,Mean Difference,repeatable_and_notparametrized
642,Methodology,repeatable_and_parametrized
642,Measurement Theory,repeatable_and_notparametrized
642,Distribution,repeatable_and_parametrized
642,Cross Table,repeatable_and_notparametrized
642,Correlation,repeatable_and_parametrized
642,Mean Difference,repeatable_and_notparametrized
559,Methodology,repeatable_and_parametrized
559,Measurement Theory,repeatable_and_notparametrized
559,Distribution,repeatable_and_parametrized
559,Cross Table,repeatable_and_notparametrized
559,Correlation,repeatable_and_parametrized
559,Mean Difference,repeatable_and_notparametrized
711,Methodology,repeatable_and_parametrized
711,Measurement Theory,repeatable_and_notparametrized
711,Distribution,repeatable_and_parametrized
711,Cross Table,repeatable_and_notparametrized
711,Correlation,repeatable_and_parametrized
711,Mean Difference,repeatable_and_notparametrized
551,Methodology,repeatable_and_notparametrized
551,Measurement Theory,repeatable_and_parametrized
551,Distribution,repeatable_and_notparametrized
551,Cross Table,repeatable_and_parametrized
551,Correlation,repeatable_and_notparametrized
551,Mean Difference,repeatable_and_parametrized
879,Methodology,repeatable_and_notparametrized
879,Measurement Theory,repeatable_and_parametrized
879,Distribution,repeatable_and_notparametrized
879,Cross Table,repeatable_and_parametrized
879,Correlation,repeatable_and_notparametrized
879,Mean Difference,repeatable_and_parametrized
736,Methodology,repeatable_and_notparametrized
736,Measurement Theory,repeatable_and_parametrized
736,Distribution,repeatable_and_notparametrized
736,Cross Table,repeatable_and_parametrized
736,Correlation,repeatable_and_notparametrized
736,Mean Difference,repeatable_and_parametrized
563,Methodology,repeatable_and_parametrized
563,Measurement Theory,repeatable_and_notparametrized
563,Distribution,repeatable_and_parametrized
563,Cross Table,repeatable_and_notparametrized
563,Correlation,repeatable_and_parametrized
563,Mean Difference,repeatable_and_notparametrized
624,Methodology,repeatable_and_parametrized
624,Measurement Theory,repeatable_and_notparametrized
624,Distribution,repeatable_and_parametrized
624,Cross Table,repeatable_and_notparametrized
624,Correlation,repeatable_and_parametrized
624,Mean Difference,repeatable_and_notparametrized
557,Methodology,repeatable_and_notparametrized
557,Measurement Theory,repeatable_and_parametrized
557,Distribution,repeatable_and_notparametrized
557,Cross Table,repeatable_and_parametrized
557,Correlation,repeatable_and_notparametrized
557,Mean Difference,repeatable_and_parametrized
835,Methodology,repeatable_and_notparametrized
835,Measurement Theory,repeatable_and_parametrized
835,Distribution,repeatable_and_notparametrized
835,Cross Table,repeatable_and_parametrized
835,Correlation,repeatable_and_notparametrized
835,Mean Difference,repeatable_and_parametrized
379,Methodology,repeatable_and_notparametrized
379,Measurement Theory,repeatable_and_parametrized
379,Distribution,repeatable_and_notparametrized
379,Cross Table,repeatable_and_parametrized
379,Correlation,repeatable_and_notparametrized
379,Mean Difference,repeatable_and_parametrized
766,Methodology,repeatable_and_notparametrized
766,Measurement Theory,repeatable_and_parametrized
766,Distribution,repeatable_and_notparametrized
766,Cross Table,repeatable_and_parametrized
766,Correlation,repeatable_and_notparametrized
766,Mean Difference,repeatable_and_parametrized
668,Methodology,repeatable_and_parametrized
668,Measurement Theory,repeatable_and_notparametrized
668,Distribution,repeatable_and_parametrized
668,Cross Table,repeatable_and_notparametrized
668,Correlation,repeatable_and_parametrized
668,Mean Difference,repeatable_and_notparametrized
773,Methodology,repeatable_and_parametrized
773,Measurement Theory,repeatable_and_notparametrized
773,Distribution,repeatable_and_parametrized
773,Cross Table,repeatable_and_notparametrized
773,Correlation,repeatable_and_parametrized
773,Mean Difference,repeatable_and_notparametrized
849,Methodology,repeatable_and_notparametrized
849,Measurement Theory,repeatable_and_parametrized
849,Distribution,repeatable_and_notparametrized
849,Cross Table,repeatable_and_parametrized
849,Correlation,repeatable_and_notparametrized
849,Mean Difference,repeatable_and_parametrized
690,Methodology,repeatable_and_parametrized
690,Measurement Theory,repeatable_and_notparametrized
690,Distribution,repeatable_and_parametrized
690,Cross Table,repeatable_and_notparametrized
690,Correlation,repeatable_and_parametrized
690,Mean Difference,repeatable_and_notparametrized
742,Methodology,repeatable_and_parametrized
742,Measurement Theory,repeatable_and_notparametrized
742,Distribution,repeatable_and_parametrized
742,Cross Table,repeatable_and_notparametrized
742,Correlation,repeatable_and_parametrized
742,Mean Difference,repeatable_and_notparametrized
747,Methodology,repeatable_and_parametrized
747,Measurement Theory,repeatable_and_notparametrized
747,Distribution,repeatable_and_parametrized
747,Cross Table,repeatable_and_notparametrized
747,Correlation,repeatable_and_parametrized
747,Mean Difference,repeatable_and_notparametrized
627,Methodology,repeatable_and_parametrized
627,Measurement Theory,repeatable_and_notparametrized
627,Distribution,repeatable_and_parametrized
627,Cross Table,repeatable_and_notparametrized
627,Correlation,repeatable_and_parametrized
627,Mean Difference,repeatable_and_notparametrized
558,Methodology,repeatable_and_parametrized
558,Measurement Theory,repeatable_and_notparametrized
558,Distribution,repeatable_and_parametrized
558,Cross Table,repeatable_and_notparametrized
558,Correlation,repeatable_and_parametrized
558,Mean Difference,repeatable_and_notparametrized
358,Methodology,repeatable_and_parametrized
358,Measurement Theory,repeatable_and_notparametrized
358,Distribution,repeatable_and_parametrized
358,Cross Table,repeatable_and_notparametrized
358,Correlation,repeatable_and_parametrized
358,Mean Difference,repeatable_and_notparametrized
857,Methodology,repeatable_and_parametrized
857,Measurement Theory,repeatable_and_notparametrized
857,Distribution,repeatable_and_parametrized
857,Cross Table,repeatable_and_notparametrized
857,Correlation,repeatable_and_parametrized
857,Mean Difference,repeatable_and_notparametrized
821,Methodology,repeatable_and_parametrized
821,Measurement Theory,repeatable_and_notparametrized
821,Distribution,repeatable_and_parametrized
821,Cross Table,repeatable_and_notparametrized
821,Correlation,repeatable_and_parametrized
821,Mean Difference,repeatable_and_notparametrized
784,Methodology,repeatable_and_parametrized
784,Measurement Theory,repeatable_and_notparametrized
784,Distribution,repeatable_and_parametrized
784,Cross Table,repeatable_and_notparametrized
784,Correlation,repeatable_and_parametrized
784,Mean Difference,repeatable_and_notparametrized
200,Methodology,repeatable_and_parametrized
200,Measurement Theory,repeatable_and_notparametrized
200,Distribution,repeatable_and_parametrized
200,Cross Table,repeatable_and_notparametrized
200,Correlation,repeatable_and_parametrized
200,Mean Difference,repeatable_and_notparametrized
819,Methodology,repeatable_and_notparametrized
819,Measurement Theory,repeatable_and_parametrized
819,Distribution,repeatable_and_notparametrized
819,Cross Table,repeatable_and_parametrized
819,Correlation,repeatable_and_notparametrized
819,Mean Difference,repeatable_and_parametrized
545,Methodology,repeatable_and_notparametrized
545,Measurement Theory,repeatable_and_parametrized
545,Distribution,repeatable_and_notparametrized
545,Cross Table,repeatable_and_parametrized
545,Correlation,repeatable_and_notparametrized
545,Mean Difference,repeatable_and_parametrized
556,Methodology,repeatable_and_parametrized
556,Measurement Theory,repeatable_and_notparametrized
556,Distribution,repeatable_and_parametrized
556,Cross Table,repeatable_and_notparametrized
556,Correlation,repeatable_and_parametrized
556,Mean Difference,repeatable_and_notparametrized
538,Methodology,repeatable_and_parametrized
538,Measurement Theory,repeatable_and_notparametrized
538,Distribution,repeatable_and_parametrized
538,Cross Table,repeatable_and_notparametrized
538,Correlation,repeatable_and_parametrized
538,Mean Difference,repeatable_and_notparametrized
741,Methodology,repeatable_and_parametrized
741,Measurement Theory,repeatable_and_notparametrized
741,Distribution,repeatable_and_parametrized
741,Cross Table,repeatable_and_notparametrized
741,Correlation,repeatable_and_parametrized
741,Mean Difference,repeatable_and_notparametrized
308,Methodology,repeatable_and_parametrized
308,Measurement Theory,repeatable_and_notparametrized
308,Distribution,repeatable_and_parametrized
308,Cross Table,repeatable_and_notparametrized
308,Correlation,repeatable_and_parametrized
308,Mean Difference,repeatable_and_notparametrized
800,Methodology,repeatable_and_notparametrized
800,Measurement Theory,repeatable_and_parametrized
800,Distribution,repeatable_and_notparametrized
800,Cross Table,repeatable_and_parametrized
800,Correlation,repeatable_and_notparametrized
800,Mean Difference,repeatable_and_parametrized
302,Methodology,repeatable_and_notparametrized
302,Measurement Theory,repeatable_and_parametrized
302,Distribution,repeatable_and_notparametrized
302,Cross Table,repeatable_and_parametrized
302,Correlation,repeatable_and_notparametrized
302,Mean Difference,repeatable_and_parametrized
801,Methodology,repeatable_and_parametrized
801,Measurement Theory,repeatable_and_notparametrized
801,Distribution,repeatable_and_parametrized
801,Cross Table,repeatable_and_notparametrized
801,Correlation,repeatable_and_parametrized
801,Mean Difference,repeatable_and_notparametrized
304,Methodology,repeatable_and_parametrized
304,Measurement Theory,repeatable_and_notparametrized
304,Distribution,repeatable_and_parametrized
304,Cross Table,repeatable_and_notparametrized
304,Correlation,repeatable_and_parametrized
304,Mean Difference,repeatable_and_notparametrized
758,Methodology,repeatable_and_parametrized
758,Measurement Theory,repeatable_and_notparametrized
758,Distribution,repeatable_and_parametrized
758,Cross Table,repeatable_and_notparametrized
758,Correlation,repeatable_and_parametrized
758,Mean Difference,repeatable_and_notparametrized
679,Methodology,repeatable_and_notparametrized
679,Measurement Theory,repeatable_and_parametrized
679,Distribution,repeatable_and_notparametrized
679,Cross Table,repeatable_and_parametrized
679,Correlation,repeatable_and_notparametrized
679,Mean Difference,repeatable_and_parametrized
907,Methodology,repeatable_and_notparametrized
907,Measurement Theory,repeatable_and_parametrized
907,Distribution,repeatable_and_notparametrized
907,Cross Table,repeatable_and_parametrized
907,Correlation,repeatable_and_notparametrized
907,Mean Difference,repeatable_and_parametrized
671,Methodology,repeatable_and_parametrized
671,Measurement Theory,repeatable_and_notparametrized
671,Distribution,repeatable_and_parametrized
671,Cross Table,repeatable_and_notparametrized
671,Correlation,repeatable_and_parametrized
671,Mean Difference,repeatable_and_notparametrized
876,Methodology,repeatable_and_parametrized
876,Measurement Theory,repeatable_and_notparametrized
876,Distribution,repeatable_and_parametrized
876,Cross Table,repeatable_and_notparametrized
876,Correlation,repeatable_and_parametrized
876,Mean Difference,repeatable_and_notparametrized
771,Methodology,repeatable_and_parametrized
771,Measurement Theory,repeatable_and_notparametrized
771,Distribution,repeatable_and_parametrized
771,Cross Table,repeatable_and_notparametrized
771,Correlation,repeatable_and_parametrized
771,Mean Difference,repeatable_and_notparametrized
685,Methodology,repeatable_and_notparametrized
685,Measurement Theory,repeatable_and_parametrized
685,Distribution,repeatable_and_notparametrized
685,Cross Table,repeatable_and_parametrized
685,Correlation,repeatable_and_notparametrized
685,Mean Difference,repeatable_and_parametrized
388,Methodology,repeatable_and_notparametrized
388,Measurement Theory,repeatable_and_parametrized
388,Distribution,repeatable_and_notparametrized
388,Cross Table,repeatable_and_parametrized
388,Correlation,repeatable_and_notparametrized
388,Mean Difference,repeatable_and_parametrized
704,Methodology,repeatable_and_notparametrized
704,Measurement Theory,repeatable_and_parametrized
704,Distribution,repeatable_and_notparametrized
704,Cross Table,repeatable_and_parametrized
704,Correlation,repeatable_and_notparametrized
704,Mean Difference,repeatable_and_parametrized
290,Methodology,repeatable_and_notparametrized
290,Measurement Theory,repeatable_and_parametrized
290,Distribution,repeatable_and_notparametrized
290,Cross Table,repeatable_and_parametrized
290,Correlation,repeatable_and_notparametrized
290,Mean Difference,repeatable_and_parametrized
820,Methodology,repeatable_and_parametrized
820,Measurement Theory,repeatable_and_notparametrized
820,Distribution,repeatable_and_parametrized
820,Cross Table,repeatable_and_notparametrized
820,Correlation,repeatable_and_parametrized
820,Mean Difference,repeatable_and_notparametrized
703,Methodology,repeatable_and_parametrized
703,Measurement Theory,repeatable_and_notparametrized
703,Distribution,repeatable_and_parametrized
703,Cross Table,repeatable_and_notparametrized
703,Correlation,repeatable_and_parametrized
703,Mean Difference,repeatable_and_notparametrized
749,Methodology,repeatable_and_parametrized
749,Measurement Theory,repeatable_and_notparametrized
749,Distribution,repeatable_and_parametrized
749,Cross Table,repeatable_and_notparametrized
749,Correlation,repeatable_and_parametrized
749,Mean Difference,repeatable_and_notparametrized
731,Methodology,repeatable_and_notparametrized
731,Measurement Theory,repeatable_and_parametrized
731,Distribution,repeatable_and_notparametrized
731,Cross Table,repeatable_and_parametrized
731,Correlation,repeatable_and_notparametrized
731,Mean Difference,repeatable_and_parametrized
560,Methodology,repeatable_and_notparametrized
560,Measurement Theory,repeatable_and_parametrized
560,Distribution,repeatable_and_notparametrized
560,Cross Table,repeatable_and_parametrized
560,Correlation,repeatable_and_notparametrized
560,Mean Difference,repeatable_and_parametrized
705,Methodology,repeatable_and_notparametrized
705,Measurement Theory,repeatable_and_parametrized
705,Distribution,repeatable_and_notparametrized
705,Cross Table,repeatable_and_parametrized
705,Correlation,repeatable_and_notparametrized
705,Mean Difference,repeatable_and_parametrized
792,Methodology,repeatable_and_notparametrized
792,Measurement Theory,repeatable_and_parametrized
792,Distribution,repeatable_and_notparametrized
792,Cross Table,repeatable_and_parametrized
792,Correlation,repeatable_and_notparametrized
792,Mean Difference,repeatable_and_parametrized
794,Methodology,repeatable_and_parametrized
794,Measurement Theory,repeatable_and_notparametrized
794,Distribution,repeatable_and_parametrized
794,Cross Table,repeatable_and_notparametrized
794,Correlation,repeatable_and_parametrized
794,Mean Difference,repeatable_and_notparametrized
688,Methodology,repeatable_and_notparametrized
688,Measurement Theory,repeatable_and_parametrized
688,Distribution,repeatable_and_notparametrized
688,Cross Table,repeatable_and_parametrized
688,Correlation,repeatable_and_notparametrized
688,Mean Difference,repeatable_and_parametrized
856,Methodology,repeatable_and_notparametrized
856,Measurement Theory,repeatable_and_parametrized
856,Distribution,repeatable_and_notparametrized
856,Cross Table,repeatable_and_parametrized
856,Correlation,repeatable_and_notparametrized
856,Mean Difference,repeatable_and_parametrized
414,Methodology,repeatable_and_notparametrized
414,Measurement Theory,repeatable_and_parametrized
414,Distribution,repeatable_and_notparametrized
414,Cross Table,repeatable_and_parametrized
414,Correlation,repeatable_and_notparametrized
414,Mean Difference,repeatable_and_parametrized
582,Methodology,repeatable_and_parametrized
582,Measurement Theory,repeatable_and_notparametrized
582,Distribution,repeatable_and_parametrized
582,Cross Table,repeatable_and_notparametrized
582,Correlation,repeatable_and_parametrized
582,Mean Difference,repeatable_and_notparametrized
708,Methodology,repeatable_and_parametrized
708,Measurement Theory,repeatable_and_notparametrized
708,Distribution,repeatable_and_parametrized
708,Cross Table,repeatable_and_notparametrized
708,Correlation,repeatable_and_parametrized
708,Mean Difference,repeatable_and_notparametrized
552,Methodology,repeatable_and_parametrized
552,Measurement Theory,repeatable_and_notparametrized
552,Distribution,repeatable_and_parametrized
552,Cross Table,repeatable_and_notparametrized
552,Correlation,repeatable_and_parametrized
552,Mean Difference,repeatable_and_notparametrized
785,Methodology,repeatable_and_notparametrized
785,Measurement Theory,repeatable_and_parametrized
785,Distribution,repeatable_and_notparametrized
785,Cross Table,repeatable_and_parametrized
785,Correlation,repeatable_and_notparametrized
785,Mean Difference,repeatable_and_parametrized
828,Methodology,repeatable_and_notparametrized
828,Measurement Theory,repeatable_and_parametrized
828,Distribution,repeatable_and_notparametrized
828,Cross Table,repeatable_and_parametrized
828,Correlation,repeatable_and_notparametrized
828,Mean Difference,repeatable_and_parametrized
680,Methodology,repeatable_and_parametrized
680,Measurement Theory,repeatable_and_notparametrized
680,Distribution,repeatable_and_parametrized
680,Cross Table,repeatable_and_notparametrized
680,Correlation,repeatable_and_parametrized
680,Mean Difference,repeatable_and_notparametrized
738,Methodology,repeatable_and_parametrized
738,Measurement Theory,repeatable_and_notparametrized
738,Distribution,repeatable_and_parametrized
738,Cross Table,repeatable_and_notparametrized
738,Correlation,repeatable_and_parametrized
738,Mean Difference,repeatable_and_notparametrized
565,Methodology,repeatable_and_notparametrized
565,Measurement Theory,repeatable_and_parametrized
565,Distribution,repeatable_and_notparametrized
565,Cross Table,repeatable_and_parametrized
565,Correlation,repeatable_and_notparametrized
565,Mean Difference,repeatable_and_parametrized
829,Methodology,repeatable_and_parametrized
829,Measurement Theory,repeatable_and_notparametrized
829,Distribution,repeatable_and_parametrized
829,Cross Table,repeatable_and_notparametrized
829,Correlation,repeatable_and_parametrized
829,Mean Difference,repeatable_and_notparametrized
360,Methodology,repeatable_and_parametrized
360,Measurement Theory,repeatable_and_notparametrized
360,Distribution,repeatable_and_parametrized
360,Cross Table,repeatable_and_notparametrized
360,Correlation,repeatable_and_parametrized
360,Mean Difference,repeatable_and_notparametrized
748,Methodology,repeatable_and_parametrized
748,Measurement Theory,repeatable_and_notparametrized
748,Distribution,repeatable_and_parametrized
748,Cross Table,repeatable_and_notparametrized
748,Correlation,repeatable_and_parametrized
748,Mean Difference,repeatable_and_notparametrized
674,Methodology,repeatable_and_parametrized
674,Measurement Theory,repeatable_and_notparametrized
674,Distribution,repeatable_and_parametrized
674,Cross Table,repeatable_and_notparametrized
674,Correlation,repeatable_and_parametrized
674,Mean Difference,repeatable_and_notparametrized
643,Methodology,repeatable_and_parametrized
643,Measurement Theory,repeatable_and_notparametrized
643,Distribution,repeatable_and_parametrized
643,Cross Table,repeatable_and_notparametrized
643,Correlation,repeatable_and_parametrized
643,Mean Difference,repeatable_and_notparametrized
441,Methodology,repeatable_and_parametrized
441,Measurement Theory,repeatable_and_notparametrized
441,Distribution,repeatable_and_parametrized
441,Cross Table,repeatable_and_notparametrized
441,Correlation,repeatable_and_parametrized
441,Mean Difference,repeatable_and_notparametrized
923,Methodology,repeatable_and_notparametrized
923,Measurement Theory,repeatable_and_parametrized
923,Distribution,repeatable_and_notparametrized
923,Cross Table,repeatable_and_parametrized
923,Correlation,repeatable_and_notparametrized
923,Mean Difference,repeatable_and_parametrized
788,Methodology,repeatable_and_parametrized
788,Measurement Theory,repeatable_and_notparametrized
788,Distribution,repeatable_and_parametrized
788,Cross Table,repeatable_and_notparametrized
788,Correlation,repeatable_and_parametrized
788,Mean Difference,repeatable_and_notparametrized
862,Methodology,repeatable_and_notparametrized
862,Measurement Theory,repeatable_and_parametrized
862,Distribution,repeatable_and_notparametrized
862,Cross Table,repeatable_and_parametrized
862,Correlation,repeatable_and_notparametrized
862,Mean Difference,repeatable_and_parametrized
581,Methodology,repeatable_and_parametrized
581,Measurement Theory,repeatable_and_notparametrized
581,Distribution,repeatable_and_parametrized
581,Cross Table,repeatable_and_notparametrized
581,Correlation,repeatable_and_parametrized
581,Mean Difference,repeatable_and_notparametrized
768,Methodology,repeatable_and_notparametrized
768,Measurement Theory,repeatable_and_parametrized
768,Distribution,repeatable_and_notparametrized
768,Cross Table,repeatable_and_parametrized
768,Correlation,repeatable_and_notparametrized
768,Mean Difference,repeatable_and_parametrized
921,Methodology,repeatable_and_parametrized
921,Measurement Theory,repeatable_and_notparametrized
921,Distribution,repeatable_and_parametrized
921,Cross Table,repeatable_and_notparametrized
921,Correlation,repeatable_and_parametrized
921,Mean Difference,repeatable_and_notparametrized
346,Methodology,repeatable_and_parametrized
346,Measurement Theory,repeatable_and_notparametrized
346,Distribution,repeatable_and_parametrized
346,Cross Table,repeatable_and_notparametrized
346,Correlation,repeatable_and_parametrized
346,Mean Difference,repeatable_and_notparametrized
812,Methodology,repeatable_and_parametrized
812,Measurement Theory,repeatable_and_notparametrized
812,Distribution,repeatable_and_parametrized
812,Cross Table,repeatable_and_notparametrized
812,Correlation,repeatable_and_parametrized
812,Mean Difference,repeatable_and_notparametrized
864,Methodology,repeatable_and_parametrized
864,Measurement Theory,repeatable_and_notparametrized
864,Distribution,repeatable_and_parametrized
864,Cross Table,repeatable_and_notparametrized
864,Correlation,repeatable_and_parametrized
864,Mean Difference,repeatable_and_notparametrized
823,Methodology,repeatable_and_notparametrized
823,Measurement Theory,repeatable_and_parametrized
823,Distribution,repeatable_and_notparametrized
823,Cross Table,repeatable_and_parametrized
823,Correlation,repeatable_and_notparametrized
823,Mean Difference,repeatable_and_parametrized
817,Methodology,repeatable_and_parametrized
817,Measurement Theory,repeatable_and_notparametrized
817,Distribution,repeatable_and_parametrized
817,Cross Table,repeatable_and_notparametrized
817,Correlation,repeatable_and_parametrized
817,Mean Difference,repeatable_and_notparametrized
897,Methodology,repeatable_and_notparametrized
897,Measurement Theory,repeatable_and_parametrized
897,Distribution,repeatable_and_notparametrized
897,Cross Table,repeatable_and_parametrized
897,Correlation,repeatable_and_notparametrized
897,Mean Difference,repeatable_and_parametrized
803,Methodology,repeatable_and_notparametrized
803,Measurement Theory,repeatable_and_parametrized
803,Distribution,repeatable_and_notparametrized
803,Cross Table,repeatable_and_parametrized
803,Correlation,repeatable_and_notparametrized
803,Mean Difference,repeatable_and_parametrized
634,Methodology,repeatable_and_notparametrized
634,Measurement Theory,repeatable_and_parametrized
634,Distribution,repeatable_and_notparametrized
634,Cross Table,repeatable_and_parametrized
634,Correlation,repeatable_and_notparametrized
634,Mean Difference,repeatable_and_parametrized
896,Methodology,repeatable_and_parametrized
896,Measurement Theory,repeatable_and_notparametrized
896,Distribution,repeatable_and_parametrized
896,Cross Table,repeatable_and_notparametrized
896,Correlation,repeatable_and_parametrized
896,Mean Difference,repeatable_and_notparametrized
404,Methodology,repeatable_and_parametrized
404,Measurement Theory,repeatable_and_notparametrized
404,Distribution,repeatable_and_parametrized
404,Cross Table,repeatable_and_notparametrized
404,Correlation,repeatable_and_parametrized
404,Mean Difference,repeatable_and_notparametrized
909,Methodology,repeatable_and_notparametrized
909,Measurement Theory,repeatable_and_parametrized
909,Distribution,repeatable_and_notparametrized
909,Cross Table,repeatable_and_parametrized
909,Correlation,repeatable_and_notparametrized
909,Mean Difference,repeatable_and_parametrized
796,Methodology,repeatable_and_notparametrized
796,Measurement Theory,repeatable_and_parametrized
796,Distribution,repeatable_and_notparametrized
796,Cross Table,repeatable_and_parametrized
796,Correlation,repeatable_and_notparametrized
796,Mean Difference,repeatable_and_parametrized
725,Methodology,repeatable_and_notparametrized
725,Measurement Theory,repeatable_and_parametrized
725,Distribution,repeatable_and_notparametrized
725,Cross Table,repeatable_and_parametrized
725,Correlation,repeatable_and_notparametrized
725,Mean Difference,repeatable_and_parametrized
576,Methodology,repeatable_and_parametrized
576,Measurement Theory,repeatable_and_notparametrized
576,Distribution,repeatable_and_parametrized
576,Cross Table,repeatable_and_notparametrized
576,Correlation,repeatable_and_parametrized
576,Mean Difference,repeatable_and_notparametrized
763,Methodology,repeatable_and_parametrized
763,Measurement Theory,repeatable_and_notparametrized
763,Distribution,repeatable_and_parametrized
763,Cross Table,repeatable_and_notparametrized
763,Correlation,repeatable_and_parametrized
763,Mean Difference,repeatable_and_notparametrized
776,Methodology,repeatable_and_notparametrized
776,Measurement Theory,repeatable_and_parametrized
776,Distribution,repeatable_and_notparametrized
776,Cross Table,repeatable_and_parametrized
776,Correlation,repeatable_and_notparametrized
776,Mean Difference,repeatable_and_parametrized
880,Methodology,repeatable_and_notparametrized
880,Measurement Theory,repeatable_and_parametrized
880,Distribution,repeatable_and_notparametrized
880,Cross Table,repeatable_and_parametrized
880,Correlation,repeatable_and_notparametrized
880,Mean Difference,repeatable_and_parametrized
628,Methodology,repeatable_and_notparametrized
628,Measurement Theory,repeatable_and_parametrized
628,Distribution,repeatable_and_notparametrized
628,Cross Table,repeatable_and_parametrized
628,Correlation,repeatable_and_notparametrized
628,Mean Difference,repeatable_and_parametrized
676,Methodology,repeatable_and_notparametrized
676,Measurement Theory,repeatable_and_parametrized
676,Distribution,repeatable_and_notparametrized
676,Cross Table,repeatable_and_parametrized
676,Correlation,repeatable_and_notparametrized
676,Mean Difference,repeatable_and_parametrized
859,Methodology,repeatable_and_notparametrized
859,Measurement Theory,repeatable_and_parametrized
859,Distribution,repeatable_and_notparametrized
859,Cross Table,repeatable_and_parametrized
859,Correlation,repeatable_and_notparametrized
859,Mean Difference,repeatable_and_parametrized
804,Methodology,repeatable_and_parametrized
804,Measurement Theory,repeatable_and_notparametrized
804,Distribution,repeatable_and_parametrized
804,Cross Table,repeatable_and_notparametrized
804,Correlation,repeatable_and_parametrized
804,Mean Difference,repeatable_and_notparametrized
654,Methodology,repeatable_and_notparametrized
654,Measurement Theory,repeatable_and_parametrized
654,Distribution,repeatable_and_notparametrized
654,Cross Table,repeatable_and_parametrized
654,Correlation,repeatable_and_notparametrized
654,Mean Difference,repeatable_and_parametrized
826,Methodology,repeatable_and_notparametrized
826,Measurement Theory,repeatable_and_parametrized
826,Distribution,repeatable_and_notparametrized
826,Cross Table,repeatable_and_parametrized
826,Correlation,repeatable_and_notparametrized
826,Mean Difference,repeatable_and_parametrized
549,Methodology,repeatable_and_parametrized
549,Measurement Theory,repeatable_and_notparametrized
549,Distribution,repeatable_and_parametrized
549,Cross Table,repeatable_and_notparametrized
549,Correlation,repeatable_and_parametrized
549,Mean Difference,repeatable_and_notparametrized
326,Methodology,repeatable_and_parametrized
326,Measurement Theory,repeatable_and_notparametrized
326,Distribution,repeatable_and_parametrized
326,Cross Table,repeatable_and_notparametrized
326,Correlation,repeatable_and_parametrized
326,Mean Difference,repeatable_and_notparametrized
811,Methodology,repeatable_and_notparametrized
811,Measurement Theory,repeatable_and_parametrized
811,Distribution,repeatable_and_notparametrized
811,Cross Table,repeatable_and_parametrized
811,Correlation,repeatable_and_notparametrized
811,Mean Difference,repeatable_and_parametrized
810,Methodology,repeatable_and_notparametrized
810,Measurement Theory,repeatable_and_parametrized
810,Distribution,repeatable_and_notparametrized
810,Cross Table,repeatable_and_parametrized
810,Correlation,repeatable_and_notparametrized
810,Mean Difference,repeatable_and_parametrized
873,Methodology,repeatable_and_parametrized
873,Measurement Theory,repeatable_and_notparametrized
873,Distribution,repeatable_and_parametrized
873,Cross Table,repeatable_and_notparametrized
873,Correlation,repeatable_and_parametrized
873,Mean Difference,repeatable_and_notparametrized
713,Methodology,repeatable_and_parametrized
713,Measurement Theory,repeatable_and_notparametrized
713,Distribution,repeatable_and_parametrized
713,Cross Table,repeatable_and_notparametrized
713,Correlation,repeatable_and_parametrized
713,Mean Difference,repeatable_and_notparametrized
645,Methodology,repeatable_and_notparametrized
645,Measurement Theory,repeatable_and_parametrized
645,Distribution,repeatable_and_notparametrized
645,Cross Table,repeatable_and_parametrized
645,Correlation,repeatable_and_notparametrized
645,Mean Difference,repeatable_and_parametrized
881,Methodology,repeatable_and_parametrized
881,Measurement Theory,repeatable_and_notparametrized
881,Distribution,repeatable_and_parametrized
881,Cross Table,repeatable_and_notparametrized
881,Correlation,repeatable_and_parametrized
881,Mean Difference,repeatable_and_notparametrized
939,Methodology,repeatable_and_notparametrized
939,Measurement Theory,repeatable_and_parametrized
939,Distribution,repeatable_and_notparametrized
939,Cross Table,repeatable_and_parametrized
939,Correlation,repeatable_and_notparametrized
939,Mean Difference,repeatable_and_parametrized
852,Methodology,repeatable_and_notparametrized
852,Measurement Theory,repeatable_and_parametrized
852,Distribution,repeatable_and_notparametrized
852,Cross Table,repeatable_and_parametrized
852,Correlation,repeatable_and_notparametrized
852,Mean Difference,repeatable_and_parametrized
574,Methodology,repeatable_and_parametrized
574,Measurement Theory,repeatable_and_notparametrized
574,Distribution,repeatable_and_parametrized
574,Cross Table,repeatable_and_notparametrized
574,Correlation,repeatable_and_parametrized
574,Mean Difference,repeatable_and_notparametrized
899,Methodology,repeatable_and_parametrized
899,Measurement Theory,repeatable_and_notparametrized
899,Distribution,repeatable_and_parametrized
899,Cross Table,repeatable_and_notparametrized
899,Correlation,repeatable_and_parametrized
899,Mean Difference,repeatable_and_notparametrized
834,Methodology,repeatable_and_parametrized
834,Measurement Theory,repeatable_and_notparametrized
834,Distribution,repeatable_and_parametrized
834,Cross Table,repeatable_and_notparametrized
834,Correlation,repeatable_and_parametrized
834,Mean Difference,repeatable_and_notparametrized
540,Methodology,repeatable_and_notparametrized
540,Measurement Theory,repeatable_and_parametrized
540,Distribution,repeatable_and_notparametrized
540,Cross Table,repeatable_and_parametrized
540,Correlation,repeatable_and_notparametrized
540,Mean Difference,repeatable_and_parametrized
553,Methodology,repeatable_and_notparametrized
553,Measurement Theory,repeatable_and_parametrized
553,Distribution,repeatable_and_notparametrized
553,Cross Table,repeatable_and_parametrized
553,Correlation,repeatable_and_notparametrized
553,Mean Difference,repeatable_and_parametrized
700,Methodology,repeatable_and_notparametrized
700,Measurement Theory,repeatable_and_parametrized
700,Distribution,repeatable_and_notparametrized
700,Cross Table,repeatable_and_parametrized
700,Correlation,repeatable_and_notparametrized
700,Mean Difference,repeatable_and_parametrized
816,Methodology,repeatable_and_parametrized
816,Measurement Theory,repeatable_and_notparametrized
816,Distribution,repeatable_and_parametrized
816,Cross Table,repeatable_and_notparametrized
816,Correlation,repeatable_and_parametrized
816,Mean Difference,repeatable_and_notparametrized
799,Methodology,repeatable_and_parametrized
799,Measurement Theory,repeatable_and_notparametrized
799,Distribution,repeatable_and_parametrized
799,Cross Table,repeatable_and_notparametrized
799,Correlation,repeatable_and_parametrized
799,Mean Difference,repeatable_and_notparametrized
839,Methodology,repeatable_and_parametrized
839,Measurement Theory,repeatable_and_notparametrized
839,Distribution,repeatable_and_parametrized
839,Cross Table,repeatable_and_notparametrized
839,Correlation,repeatable_and_parametrized
839,Mean Difference,repeatable_and_notparametrized
902,Methodology,repeatable_and_notparametrized
902,Measurement Theory,repeatable_and_parametrized
902,Distribution,repeatable_and_notparametrized
902,Cross Table,repeatable_and_parametrized
902,Correlation,repeatable_and_notparametrized
902,Mean Difference,repeatable_and_parametrized
714,Methodology,repeatable_and_notparametrized
714,Measurement Theory,repeatable_and_parametrized
714,Distribution,repeatable_and_notparametrized
714,Cross Table,repeatable_and_parametrized
714,Correlation,repeatable_and_notparametrized
714,Mean Difference,repeatable_and_parametrized
871,Methodology,repeatable_and_notparametrized
871,Measurement Theory,repeatable_and_parametrized
871,Distribution,repeatable_and_notparametrized
871,Cross Table,repeatable_and_parametrized
871,Correlation,repeatable_and_notparametrized
871,Mean Difference,repeatable_and_parametrized
548,Methodology,repeatable_and_notparametrized
548,Measurement Theory,repeatable_and_parametrized
548,Distribution,repeatable_and_notparametrized
548,Cross Table,repeatable_and_parametrized
548,Correlation,repeatable_and_notparametrized
548,Mean Difference,repeatable_and_parametrized
815,Methodology,repeatable_and_parametrized
815,Measurement Theory,repeatable_and_notparametrized
815,Distribution,repeatable_and_parametrized
815,Cross Table,repeatable_and_notparametrized
815,Correlation,repeatable_and_parametrized
815,Mean Difference,repeatable_and_notparametrized
898,Methodology,repeatable_and_notparametrized
898,Measurement Theory,repeatable_and_parametrized
898,Distribution,repeatable_and_notparametrized
898,Cross Table,repeatable_and_parametrized
898,Correlation,repeatable_and_notparametrized
898,Mean Difference,repeatable_and_parametrized
756,Methodology,repeatable_and_notparametrized
756,Measurement Theory,repeatable_and_parametrized
756,Distribution,repeatable_and_notparametrized
756,Cross Table,repeatable_and_parametrized
756,Correlation,repeatable_and_notparametrized
756,Mean Difference,repeatable_and_parametrized
615,Methodology,repeatable_and_parametrized
615,Measurement Theory,repeatable_and_notparametrized
615,Distribution,repeatable_and_parametrized
615,Cross Table,repeatable_and_notparametrized
615,Correlation,repeatable_and_parametrized
615,Mean Difference,repeatable_and_notparametrized
406,Methodology,repeatable_and_notparametrized
406,Measurement Theory,repeatable_and_parametrized
406,Distribution,repeatable_and_notparametrized
406,Cross Table,repeatable_and_parametrized
406,Correlation,repeatable_and_notparametrized
406,Mean Difference,repeatable_and_parametrized
761,Methodology,repeatable_and_notparametrized
761,Measurement Theory,repeatable_and_parametrized
761,Distribution,repeatable_and_notparametrized
761,Cross Table,repeatable_and_parametrized
761,Correlation,repeatable_and_notparametrized
761,Mean Difference,repeatable_and_parametrized
555,Methodology,repeatable_and_notparametrized
555,Measurement Theory,repeatable_and_parametrized
555,Distribution,repeatable_and_notparametrized
555,Cross Table,repeatable_and_parametrized
555,Correlation,repeatable_and_notparametrized
555,Mean Difference,repeatable_and_parametrized
837,Methodology,repeatable_and_parametrized
837,Measurement Theory,repeatable_and_notparametrized
837,Distribution,repeatable_and_parametrized
837,Cross Table,repeatable_and_notparametrized
837,Correlation,repeatable_and_parametrized
837,Mean Difference,repeatable_and_notparametrized
762,Methodology,repeatable_and_notparametrized
762,Measurement Theory,repeatable_and_parametrized
762,Distribution,repeatable_and_notparametrized
762,Cross Table,repeatable_and_parametrized
762,Correlation,repeatable_and_notparametrized
762,Mean Difference,repeatable_and_parametrized
841,Methodology,repeatable_and_notparametrized
841,Measurement Theory,repeatable_and_parametrized
841,Distribution,repeatable_and_notparametrized
841,Cross Table,repeatable_and_parametrized
841,Correlation,repeatable_and_notparametrized
841,Mean Difference,repeatable_and_parametrized
870,Methodology,repeatable_and_parametrized
870,Measurement Theory,repeatable_and_notparametrized
870,Distribution,repeatable_and_parametrized
870,Cross Table,repeatable_and_notparametrized
870,Correlation,repeatable_and_parametrized
870,Mean Difference,repeatable_and_notparametrized
299,Methodology,repeatable_and_parametrized
299,Measurement Theory,repeatable_and_notparametrized
299,Distribution,repeatable_and_parametrized
299,Cross Table,repeatable_and_notparametrized
299,Correlation,repeatable_and_parametrized
299,Mean Difference,repeatable_and_notparametrized
651,Methodology,repeatable_and_notparametrized
651,Measurement Theory,repeatable_and_parametrized
651,Distribution,repeatable_and_notparametrized
651,Cross Table,repeatable_and_parametrized
651,Correlation,repeatable_and_notparametrized
651,Mean Difference,repeatable_and_parametrized
675,Methodology,repeatable_and_notparametrized
675,Measurement Theory,repeatable_and_parametrized
675,Distribution,repeatable_and_notparametrized
675,Cross Table,repeatable_and_parametrized
675,Correlation,repeatable_and_notparametrized
675,Mean Difference,repeatable_and_parametrized
890,Methodology,repeatable_and_parametrized
890,Measurement Theory,repeatable_and_notparametrized
890,Distribution,repeatable_and_parametrized
890,Cross Table,repeatable_and_notparametrized
890,Correlation,repeatable_and_parametrized
890,Mean Difference,repeatable_and_notparametrized
366,Methodology,repeatable_and_notparametrized
366,Measurement Theory,repeatable_and_parametrized
366,Distribution,repeatable_and_notparametrized
366,Cross Table,repeatable_and_parametrized
366,Correlation,repeatable_and_notparametrized
366,Mean Difference,repeatable_and_parametrized
889,Methodology,repeatable_and_parametrized
889,Measurement Theory,repeatable_and_notparametrized
889,Distribution,repeatable_and_parametrized
889,Cross Table,repeatable_and_notparametrized
889,Correlation,repeatable_and_parametrized
889,Mean Difference,repeatable_and_notparametrized
571,Methodology,repeatable_and_notparametrized
571,Measurement Theory,repeatable_and_parametrized
571,Distribution,repeatable_and_notparametrized
571,Cross Table,repeatable_and_parametrized
571,Correlation,repeatable_and_notparametrized
571,Mean Difference,repeatable_and_parametrized
695,Methodology,repeatable_and_parametrized
695,Measurement Theory,repeatable_and_notparametrized
695,Distribution,repeatable_and_parametrized
695,Cross Table,repeatable_and_notparametrized
695,Correlation,repeatable_and_parametrized
695,Mean Difference,repeatable_and_notparametrized
696,Methodology,repeatable_and_notparametrized
696,Measurement Theory,repeatable_and_parametrized
696,Distribution,repeatable_and_notparametrized
696,Cross Table,repeatable_and_parametrized
696,Correlation,repeatable_and_notparametrized
696,Mean Difference,repeatable_and_parametrized
887,Methodology,repeatable_and_notparametrized
887,Measurement Theory,repeatable_and_parametrized
887,Distribution,repeatable_and_notparametrized
887,Cross Table,repeatable_and_parametrized
887,Correlation,repeatable_and_notparametrized
887,Mean Difference,repeatable_and_parametrized
539,Methodology,repeatable_and_parametrized
539,Measurement Theory,repeatable_and_notparametrized
539,Distribution,repeatable_and_parametrized
539,Cross Table,repeatable_and_notparametrized
539,Correlation,repeatable_and_parametrized
539,Mean Difference,repeatable_and_notparametrized
922,Methodology,repeatable_and_parametrized
922,Measurement Theory,repeatable_and_notparametrized
922,Distribution,repeatable_and_parametrized
922,Cross Table,repeatable_and_notparametrized
922,Correlation,repeatable_and_parametrized
922,Mean Difference,repeatable_and_notparametrized
753,Methodology,repeatable_and_parametrized
753,Measurement Theory,repeatable_and_notparametrized
753,Distribution,repeatable_and_parametrized
753,Cross Table,repeatable_and_notparametrized
753,Correlation,repeatable_and_parametrized
753,Mean Difference,repeatable_and_notparametrized
392,Methodology,repeatable_and_parametrized
392,Measurement Theory,repeatable_and_notparametrized
392,Distribution,repeatable_and_parametrized
392,Cross Table,repeatable_and_notparametrized
392,Correlation,repeatable_and_parametrized
392,Mean Difference,repeatable_and_notparametrized
757,Methodology,repeatable_and_parametrized
757,Measurement Theory,repeatable_and_notparametrized
757,Distribution,repeatable_and_parametrized
757,Cross Table,repeatable_and_notparametrized
757,Correlation,repeatable_and_parametrized
757,Mean Difference,repeatable_and_notparametrized
846,Methodology,repeatable_and_notparametrized
846,Measurement Theory,repeatable_and_parametrized
846,Distribution,repeatable_and_notparametrized
846,Cross Table,repeatable_and_parametrized
846,Correlation,repeatable_and_notparametrized
846,Mean Difference,repeatable_and_parametrized
670,Methodology,repeatable_and_notparametrized
670,Measurement Theory,repeatable_and_parametrized
670,Distribution,repeatable_and_notparametrized
670,Cross Table,repeatable_and_parametrized
670,Correlation,repeatable_and_notparametrized
670,Mean Difference,repeatable_and_parametrized
536,Methodology,repeatable_and_notparametrized
536,Measurement Theory,repeatable_and_parametrized
536,Distribution,repeatable_and_notparametrized
536,Cross Table,repeatable_and_parametrized
536,Correlation,repeatable_and_notparametrized
536,Mean Difference,repeatable_and_parametrized
919,Methodology,repeatable_and_parametrized
919,Measurement Theory,repeatable_and_notparametrized
919,Distribution,repeatable_and_parametrized
919,Cross Table,repeatable_and_notparametrized
919,Correlation,repeatable_and_parametrized
919,Mean Difference,repeatable_and_notparametrized
917,Methodology,repeatable_and_notparametrized
917,Measurement Theory,repeatable_and_parametrized
917,Distribution,repeatable_and_notparametrized
917,Cross Table,repeatable_and_parametrized
917,Correlation,repeatable_and_notparametrized
917,Mean Difference,repeatable_and_parametrized
672,Methodology,repeatable_and_notparametrized
672,Measurement Theory,repeatable_and_parametrized
672,Distribution,repeatable_and_notparametrized
672,Cross Table,repeatable_and_parametrized
672,Correlation,repeatable_and_notparametrized
672,Mean Difference,repeatable_and_parametrized
892,Methodology,repeatable_and_parametrized
892,Measurement Theory,repeatable_and_notparametrized
892,Distribution,repeatable_and_parametrized
892,Cross Table,repeatable_and_notparametrized
892,Correlation,repeatable_and_parametrized
892,Mean Difference,repeatable_and_notparametrized
710,Methodology,repeatable_and_parametrized
710,Measurement Theory,repeatable_and_notparametrized
710,Distribution,repeatable_and_parametrized
710,Cross Table,repeatable_and_notparametrized
710,Correlation,repeatable_and_parametrized
710,Mean Difference,repeatable_and_notparametrized
867,Methodology,repeatable_and_notparametrized
867,Measurement Theory,repeatable_and_parametrized
867,Distribution,repeatable_and_notparametrized
867,Cross Table,repeatable_and_parametrized
867,Correlation,repeatable_and_notparametrized
867,Mean Difference,repeatable_and_parametrized
780,Methodology,repeatable_and_notparametrized
780,Measurement Theory,repeatable_and_parametrized
780,Distribution,repeatable_and_notparametrized
780,Cross Table,repeatable_and_parametrized
780,Correlation,repeatable_and_notparametrized
780,Mean Difference,repeatable_and_parametrized
351,Methodology,repeatable_and_parametrized
351,Measurement Theory,repeatable_and_notparametrized
351,Distribution,repeatable_and_parametrized
351,Cross Table,repeatable_and_notparametrized
351,Correlation,repeatable_and_parametrized
351,Mean Difference,repeatable_and_notparametrized
697,Methodology,repeatable_and_notparametrized
697,Measurement Theory,repeatable_and_parametrized
697,Distribution,repeatable_and_notparametrized
697,Cross Table,repeatable_and_parametrized
697,Correlation,repeatable_and_notparametrized
697,Mean Difference,repeatable_and_parametrized
733,Methodology,repeatable_and_notparametrized
733,Measurement Theory,repeatable_and_parametrized
733,Distribution,repeatable_and_notparametrized
733,Cross Table,repeatable_and_parametrized
733,Correlation,repeatable_and_notparametrized
733,Mean Difference,repeatable_and_parametrized
316,Methodology,repeatable_and_parametrized
316,Measurement Theory,repeatable_and_notparametrized
316,Distribution,repeatable_and_parametrized
316,Cross Table,repeatable_and_notparametrized
316,Correlation,repeatable_and_parametrized
316,Mean Difference,repeatable_and_notparametrized
720,Methodology,repeatable_and_parametrized
720,Measurement Theory,repeatable_and_notparametrized
720,Distribution,repeatable_and_parametrized
720,Cross Table,repeatable_and_notparametrized
720,Correlation,repeatable_and_parametrized
720,Mean Difference,repeatable_and_notparametrized
298,Methodology,repeatable_and_notparametrized
298,Measurement Theory,repeatable_and_parametrized
298,Distribution,repeatable_and_notparametrized
298,Cross Table,repeatable_and_parametrized
298,Correlation,repeatable_and_notparametrized
298,Mean Difference,repeatable_and_parametrized
729,Methodology,repeatable_and_parametrized
729,Measurement Theory,repeatable_and_notparametrized
729,Distribution,repeatable_and_parametrized
729,Cross Table,repeatable_and_notparametrized
729,Correlation,repeatable_and_parametrized
729,Mean Difference,repeatable_and_notparametrized
781,Methodology,repeatable_and_parametrized
781,Measurement Theory,repeatable_and_notparametrized
781,Distribution,repeatable_and_parametrized
781,Cross Table,repeatable_and_notparametrized
781,Correlation,repeatable_and_parametrized
781,Mean Difference,repeatable_and_notparametrized
722,Methodology,repeatable_and_notparametrized
722,Measurement Theory,repeatable_and_parametrized
722,Distribution,repeatable_and_notparametrized
722,Cross Table,repeatable_and_parametrized
722,Correlation,repeatable_and_notparametrized
722,Mean Difference,repeatable_and_parametrized
868,Methodology,repeatable_and_parametrized
868,Measurement Theory,repeatable_and_notparametrized
868,Distribution,repeatable_and_parametrized
868,Cross Table,repeatable_and_notparametrized
868,Correlation,repeatable_and_parametrized
868,Mean Difference,repeatable_and_notparametrized
692,Methodology,repeatable_and_parametrized
692,Measurement Theory,repeatable_and_notparametrized
692,Distribution,repeatable_and_parametrized
692,Cross Table,repeatable_and_notparametrized
692,Correlation,repeatable_and_parametrized
692,Mean Difference,repeatable_and_notparametrized
667,Methodology,repeatable_and_parametrized
667,Measurement Theory,repeatable_and_notparametrized
667,Distribution,repeatable_and_parametrized
667,Cross Table,repeatable_and_notparametrized
667,Correlation,repeatable_and_parametrized
667,Mean Difference,repeatable_and_notparametrized
775,Methodology,repeatable_and_notparametrized
775,Measurement Theory,repeatable_and_parametrized
775,Distribution,repeatable_and_notparametrized
775,Cross Table,repeatable_and_parametrized
775,Correlation,repeatable_and_notparametrized
775,Mean Difference,repeatable_and_parametrized
844,Methodology,repeatable_and_notparametrized
844,Measurement Theory,repeatable_and_parametrized
844,Distribution,repeatable_and_notparametrized
844,Cross Table,repeatable_and_parametrized
844,Correlation,repeatable_and_notparametrized
844,Mean Difference,repeatable_and_parametrized
843,Methodology,repeatable_and_parametrized
843,Measurement Theory,repeatable_and_notparametrized
843,Distribution,repeatable_and_parametrized
843,Cross Table,repeatable_and_notparametrized
843,Correlation,repeatable_and_parametrized
843,Mean Difference,repeatable_and_notparametrized
647,Methodology,repeatable_and_notparametrized
647,Measurement Theory,repeatable_and_parametrized
647,Distribution,repeatable_and_notparametrized
647,Cross Table,repeatable_and_parametrized
647,Correlation,repeatable_and_notparametrized
647,Mean Difference,repeatable_and_parametrized
882,Methodology,repeatable_and_notparametrized
882,Measurement Theory,repeatable_and_parametrized
882,Distribution,repeatable_and_notparametrized
882,Cross Table,repeatable_and_parametrized
882,Correlation,repeatable_and_notparametrized
882,Mean Difference,repeatable_and_parametrized
769,Methodology,repeatable_and_parametrized
769,Measurement Theory,repeatable_and_notparametrized
769,Distribution,repeatable_and_parametrized
769,Cross Table,repeatable_and_notparametrized
769,Correlation,repeatable_and_parametrized
769,Mean Difference,repeatable_and_notparametrized
774,Methodology,repeatable_and_parametrized
774,Measurement Theory,repeatable_and_notparametrized
774,Distribution,repeatable_and_parametrized
774,Cross Table,repeatable_and_notparametrized
774,Correlation,repeatable_and_parametrized
774,Mean Difference,repeatable_and_notparametrized
691,Methodology,repeatable_and_notparametrized
691,Measurement Theory,repeatable_and_parametrized
691,Distribution,repeatable_and_notparametrized
691,Cross Table,repeatable_and_parametrized
691,Correlation,repeatable_and_notparametrized
691,Mean Difference,repeatable_and_parametrized
809,Methodology,repeatable_and_parametrized
809,Measurement Theory,repeatable_and_notparametrized
809,Distribution,repeatable_and_parametrized
809,Cross Table,repeatable_and_notparametrized
809,Correlation,repeatable_and_parametrized
809,Mean Difference,repeatable_and_notparametrized
848,Methodology,repeatable_and_notparametrized
848,Measurement Theory,repeatable_and_parametrized
848,Distribution,repeatable_and_notparametrized
848,Cross Table,repeatable_and_parametrized
848,Correlation,repeatable_and_notparametrized
848,Mean Difference,repeatable_and_parametrized
894,Methodology,repeatable_and_notparametrized
894,Measurement Theory,repeatable_and_parametrized
894,Distribution,repeatable_and_notparametrized
894,Cross Table,repeatable_and_parametrized
894,Correlation,repeatable_and_notparametrized
894,Mean Difference,repeatable_and_parametrized
734,Methodology,repeatable_and_notparametrized
734,Measurement Theory,repeatable_and_parametrized
734,Distribution,repeatable_and_notparametrized
734,Cross Table,repeatable_and_parametrized
734,Correlation,repeatable_and_notparametrized
734,Mean Difference,repeatable_and_parametrized
777,Methodology,repeatable_and_notparametrized
777,Measurement Theory,repeatable_and_parametrized
777,Distribution,repeatable_and_notparametrized
777,Cross Table,repeatable_and_parametrized
777,Correlation,repeatable_and_notparametrized
777,Mean Difference,repeatable_and_parametrized
752,Methodology,repeatable_and_parametrized
752,Measurement Theory,repeatable_and_notparametrized
752,Distribution,repeatable_and_parametrized
752,Cross Table,repeatable_and_notparametrized
752,Correlation,repeatable_and_parametrized
752,Mean Difference,repeatable_and_notparametrized
629,Methodology,repeatable_and_notparametrized
629,Measurement Theory,repeatable_and_parametrized
629,Distribution,repeatable_and_notparametrized
629,Cross Table,repeatable_and_parametrized
629,Correlation,repeatable_and_notparametrized
629,Mean Difference,repeatable_and_parametrized
888,Methodology,repeatable_and_notparametrized
888,Measurement Theory,repeatable_and_parametrized
888,Distribution,repeatable_and_notparametrized
888,Cross Table,repeatable_and_parametrized
888,Correlation,repeatable_and_notparametrized
888,Mean Difference,repeatable_and_parametrized
798,Methodology,repeatable_and_parametrized
798,Measurement Theory,repeatable_and_notparametrized
798,Distribution,repeatable_and_parametrized
798,Cross Table,repeatable_and_notparametrized
798,Correlation,repeatable_and_parametrized
798,Mean Difference,repeatable_and_notparametrized
840,Methodology,repeatable_and_notparametrized
840,Measurement Theory,repeatable_and_parametrized
840,Distribution,repeatable_and_notparametrized
840,Cross Table,repeatable_and_parametrized
840,Correlation,repeatable_and_notparametrized
840,Mean Difference,repeatable_and_parametrized
755,Methodology,repeatable_and_notparametrized
755,Measurement Theory,repeatable_and_parametrized
755,Distribution,repeatable_and_notparametrized
755,Cross Table,repeatable_and_parametrized
755,Correlation,repeatable_and_notparametrized
755,Mean Difference,repeatable_and_parametrized
395,Methodology,repeatable_and_notparametrized
395,Measurement Theory,repeatable_and_parametrized
395,Distribution,repeatable_and_notparametrized
395,Cross Table,repeatable_and_parametrized
395,Correlation,repeatable_and_notparametrized
395,Mean Difference,repeatable_and_parametrized
916,Methodology,repeatable_and_parametrized
916,Measurement Theory,repeatable_and_notparametrized
916,Distribution,repeatable_and_parametrized
916,Cross Table,repeatable_and_notparametrized
916,Correlation,repeatable_and_parametrized
916,Mean Difference,repeatable_and_notparametrized
808,Methodology,repeatable_and_parametrized
808,Measurement Theory,repeatable_and_notparametrized
808,Distribution,repeatable_and_parametrized
808,Cross Table,repeatable_and_notparametrized
808,Correlation,repeatable_and_parametrized
808,Mean Difference,repeatable_and_notparametrized
838,Methodology,repeatable_and_notparametrized
838,Measurement Theory,repeatable_and_parametrized
838,Distribution,repeatable_and_notparametrized
838,Cross Table,repeatable_and_parametrized
838,Correlation,repeatable_and_notparametrized
838,Mean Difference,repeatable_and_parametrized
737,Methodology,repeatable_and_notparametrized
737,Measurement Theory,repeatable_and_parametrized
737,Distribution,repeatable_and_notparametrized
737,Cross Table,repeatable_and_parametrized
737,Correlation,repeatable_and_notparametrized
737,Mean Difference,repeatable_and_parametrized
906,Methodology,repeatable_and_notparametrized
906,Measurement Theory,repeatable_and_parametrized
906,Distribution,repeatable_and_notparametrized
906,Cross Table,repeatable_and_parametrized
906,Correlation,repeatable_and_notparametrized
906,Mean Difference,repeatable_and_parametrized
891,Methodology,repeatable_and_parametrized
891,Measurement Theory,repeatable_and_notparametrized
891,Distribution,repeatable_and_parametrized
891,Cross Table,repeatable_and_notparametrized
891,Correlation,repeatable_and_parametrized
891,Mean Difference,repeatable_and_notparametrized
321,Methodology,repeatable_and_parametrized
321,Measurement Theory,repeatable_and_notparametrized
321,Distribution,repeatable_and_parametrized
321,Cross Table,repeatable_and_notparametrized
321,Correlation,repeatable_and_parametrized
321,Mean Difference,repeatable_and_notparametrized
631,Methodology,repeatable_and_notparametrized
631,Measurement Theory,repeatable_and_parametrized
631,Distribution,repeatable_and_notparametrized
631,Cross Table,repeatable_and_parametrized
631,Correlation,repeatable_and_notparametrized
631,Mean Difference,repeatable_and_parametrized
543,Methodology,repeatable_and_parametrized
543,Measurement Theory,repeatable_and_notparametrized
543,Distribution,repeatable_and_parametrized
543,Cross Table,repeatable_and_notparametrized
543,Correlation,repeatable_and_parametrized
543,Mean Difference,repeatable_and_notparametrized
822,Methodology,repeatable_and_notparametrized
822,Measurement Theory,repeatable_and_parametrized
822,Distribution,repeatable_and_notparametrized
822,Cross Table,repeatable_and_parametrized
822,Correlation,repeatable_and_notparametrized
822,Mean Difference,repeatable_and_parametrized
778,Methodology,repeatable_and_notparametrized
778,Measurement Theory,repeatable_and_parametrized
778,Distribution,repeatable_and_notparametrized
778,Cross Table,repeatable_and_parametrized
778,Correlation,repeatable_and_notparametrized
778,Mean Difference,repeatable_and_parametrized
772,Methodology,repeatable_and_parametrized
772,Measurement Theory,repeatable_and_notparametrized
772,Distribution,repeatable_and_parametrized
772,Cross Table,repeatable_and_notparametrized
772,Correlation,repeatable_and_parametrized
772,Mean Difference,repeatable_and_notparametrized
740,Methodology,repeatable_and_notparametrized
740,Measurement Theory,repeatable_and_parametrized
740,Distribution,repeatable_and_notparametrized
740,Cross Table,repeatable_and_parametrized
740,Correlation,repeatable_and_notparametrized
740,Mean Difference,repeatable_and_parametrized
911,Methodology,repeatable_and_parametrized
911,Measurement Theory,repeatable_and_notparametrized
911,Distribution,repeatable_and_parametrized
911,Cross Table,repeatable_and_notparametrized
911,Correlation,repeatable_and_parametrized
911,Mean Difference,repeatable_and_notparametrized
860,Methodology,repeatable_and_parametrized
860,Measurement Theory,repeatable_and_notparametrized
860,Distribution,repeatable_and_parametrized
860,Cross Table,repeatable_and_notparametrized
860,Correlation,repeatable_and_parametrized
860,Mean Difference,repeatable_and_notparametrized
547,Methodology,repeatable_and_parametrized
547,Measurement Theory,repeatable_and_notparametrized
547,Distribution,repeatable_and_parametrized
547,Cross Table,repeatable_and_notparametrized
547,Correlation,repeatable_and_parametrized
547,Mean Difference,repeatable_and_notparametrized
901,Methodology,repeatable_and_notparametrized
901,Measurement Theory,repeatable_and_parametrized
901,Distribution,repeatable_and_notparametrized
901,Cross Table,repeatable_and_parametrized
901,Correlation,repeatable_and_notparametrized
901,Mean Difference,repeatable_and_parametrized
915,Methodology,repeatable_and_parametrized
915,Measurement Theory,repeatable_and_notparametrized
915,Distribution,repeatable_and_parametrized
915,Cross Table,repeatable_and_notparametrized
915,Correlation,repeatable_and_parametrized
915,Mean Difference,repeatable_and_notparametrized
750,Methodology,repeatable_and_parametrized
750,Measurement Theory,repeatable_and_notparametrized
750,Distribution,repeatable_and_parametrized
750,Cross Table,repeatable_and_notparametrized
750,Correlation,repeatable_and_parametrized
750,Mean Difference,repeatable_and_notparametrized
575,Methodology,repeatable_and_notparametrized
575,Measurement Theory,repeatable_and_parametrized
575,Distribution,repeatable_and_notparametrized
575,Cross Table,repeatable_and_parametrized
575,Correlation,repeatable_and_notparametrized
575,Mean Difference,repeatable_and_parametrized
805,Methodology,repeatable_and_parametrized
805,Measurement Theory,repeatable_and_notparametrized
805,Distribution,repeatable_and_parametrized
805,Cross Table,repeatable_and_notparametrized
805,Correlation,repeatable_and_parametrized
805,Mean Difference,repeatable_and_notparametrized
561,Methodology,repeatable_and_parametrized
561,Measurement Theory,repeatable_and_notparametrized
561,Distribution,repeatable_and_parametrized
561,Cross Table,repeatable_and_notparametrized
561,Correlation,repeatable_and_parametrized
561,Mean Difference,repeatable_and_notparametrized
357,Methodology,repeatable_and_parametrized
357,Measurement Theory,repeatable_and_notparametrized
357,Distribution,repeatable_and_parametrized
357,Cross Table,repeatable_and_notparametrized
357,Correlation,repeatable_and_parametrized
357,Mean Difference,repeatable_and_notparametrized
865,Methodology,repeatable_and_parametrized
865,Measurement Theory,repeatable_and_notparametrized
865,Distribution,repeatable_and_parametrized
865,Cross Table,repeatable_and_notparametrized
865,Correlation,repeatable_and_parametrized
865,Mean Difference,repeatable_and_notparametrized
806,Methodology,repeatable_and_notparametrized
806,Measurement Theory,repeatable_and_parametrized
806,Distribution,repeatable_and_notparametrized
806,Cross Table,repeatable_and_parametrized
806,Correlation,repeatable_and_notparametrized
806,Mean Difference,repeatable_and_parametrized
885,Methodology,repeatable_and_notparametrized
885,Measurement Theory,repeatable_and_parametrized
885,Distribution,repeatable_and_notparametrized
885,Cross Table,repeatable_and_parametrized
885,Correlation,repeatable_and_notparametrized
885,Mean Difference,repeatable_and_parametrized
813,Methodology,repeatable_and_notparametrized
813,Measurement Theory,repeatable_and_parametrized
813,Distribution,repeatable_and_notparametrized
813,Cross Table,repeatable_and_parametrized
813,Correlation,repeatable_and_notparametrized
813,Mean Difference,repeatable_and_parametrized
699,Methodology,repeatable_and_notparametrized
699,Measurement Theory,repeatable_and_parametrized
699,Distribution,repeatable_and_notparametrized
699,Cross Table,repeatable_and_parametrized
699,Correlation,repeatable_and_notparametrized
699,Mean Difference,repeatable_and_parametrized
715,Methodology,repeatable_and_parametrized
715,Measurement Theory,repeatable_and_notparametrized
715,Distribution,repeatable_and_parametrized
715,Cross Table,repeatable_and_notparametrized
715,Correlation,repeatable_and_parametrized
715,Mean Difference,repeatable_and_notparametrized
622,Methodology,repeatable_and_notparametrized
622,Measurement Theory,repeatable_and_parametrized
622,Distribution,repeatable_and_notparametrized
622,Cross Table,repeatable_and_parametrized
622,Correlation,repeatable_and_notparametrized
622,Mean Difference,repeatable_and_parametrized
569,Methodology,repeatable_and_parametrized
569,Measurement Theory,repeatable_and_notparametrized
569,Distribution,repeatable_and_parametrized
569,Cross Table,repeatable_and_notparametrized
569,Correlation,repeatable_and_parametrized
569,Mean Difference,repeatable_and_notparametrized
825,Methodology,repeatable_and_parametrized
825,Measurement Theory,repeatable_and_notparametrized
825,Distribution,repeatable_and_parametrized
825,Cross Table,repeatable_and_notparametrized
825,Correlation,repeatable_and_parametrized
825,Mean Difference,repeatable_and_notparametrized
818,Methodology,repeatable_and_notparametrized
818,Measurement Theory,repeatable_and_parametrized
818,Distribution,repeatable_and_notparametrized
818,Cross Table,repeatable_and_parametrized
818,Correlation,repeatable_and_notparametrized
818,Mean Difference,repeatable_and_parametrized
858,Methodology,repeatable_and_parametrized
858,Measurement Theory,repeatable_and_notparametrized
858,Distribution,repeatable_and_parametrized
858,Cross Table,repeatable_and_notparametrized
858,Correlation,repeatable_and_parametrized
858,Mean Difference,repeatable_and_notparametrized
790,Methodology,repeatable_and_parametrized
790,Measurement Theory,repeatable_and_notparametrized
790,Distribution,repeatable_and_parametrized
790,Cross Table,repeatable_and_notparametrized
790,Correlation,repeatable_and_parametrized
790,Mean Difference,repeatable_and_notparametrized
851,Methodology,repeatable_and_notparametrized
851,Measurement Theory,repeatable_and_parametrized
851,Distribution,repeatable_and_notparametrized
851,Cross Table,repeatable_and_parametrized
851,Correlation,repeatable_and_notparametrized
851,Mean Difference,repeatable_and_parametrized
619,Methodology,repeatable_and_parametrized
619,Measurement Theory,repeatable_and_notparametrized
619,Distribution,repeatable_and_parametrized
619,Cross Table,repeatable_and_notparametrized
619,Correlation,repeatable_and_parametrized
619,Mean Difference,repeatable_and_notparametrized
824,Methodology,repeatable_and_notparametrized
824,Measurement Theory,repeatable_and_parametrized
824,Distribution,repeatable_and_notparametrized
824,Cross Table,repeatable_and_parametrized
824,Correlation,repeatable_and_notparametrized
824,Mean Difference,repeatable_and_parametrized
833,Methodology,repeatable_and_notparametrized
833,Measurement Theory,repeatable_and_parametrized
833,Distribution,repeatable_and_notparametrized
833,Cross Table,repeatable_and_parametrized
833,Correlation,repeatable_and_notparametrized
833,Mean Difference,repeatable_and_parametrized
779,Methodology,repeatable_and_parametrized
779,Measurement Theory,repeatable_and_notparametrized
779,Distribution,repeatable_and_parametrized
779,Cross Table,repeatable_and_notparametrized
779,Correlation,repeatable_and_parametrized
779,Mean Difference,repeatable_and_notparametrized
325,Methodology,repeatable_and_parametrized
325,Measurement Theory,repeatable_and_notparametrized
325,Distribution,repeatable_and_parametrized
325,Cross Table,repeatable_and_notparametrized
325,Correlation,repeatable_and_parametrized
325,Mean Difference,repeatable_and_notparametrized
789,Methodology,repeatable_and_parametrized
789,Measurement Theory,repeatable_and_notparametrized
789,Distribution,repeatable_and_parametrized
789,Cross Table,repeatable_and_notparametrized
789,Correlation,repeatable_and_parametrized
789,Mean Difference,repeatable_and_notparametrized
283,Methodology,repeatable_and_notparametrized
283,Measurement Theory,repeatable_and_parametrized
283,Distribution,repeatable_and_notparametrized
283,Cross Table,repeatable_and_parametrized
283,Correlation,repeatable_and_notparametrized
283,Mean Difference,repeatable_and_parametrized
900,Methodology,repeatable_and_parametrized
900,Measurement Theory,repeatable_and_notparametrized
900,Distribution,repeatable_and_parametrized
900,Cross Table,repeatable_and_notparametrized
900,Correlation,repeatable_and_parametrized
900,Mean Difference,repeatable_and_notparametrized
830,Methodology,repeatable_and_notparametrized
830,Measurement Theory,repeatable_and_parametrized
830,Distribution,repeatable_and_notparametrized
830,Cross Table,repeatable_and_parametrized
830,Correlation,repeatable_and_notparametrized
830,Mean Difference,repeatable_and_parametrized
759,Methodology,repeatable_and_parametrized
759,Measurement Theory,repeatable_and_notparametrized
759,Distribution,repeatable_and_parametrized
759,Cross Table,repeatable_and_notparametrized
759,Correlation,repeatable_and_parametrized
759,Mean Difference,repeatable_and_notparametrized
580,Methodology,repeatable_and_parametrized
580,Measurement Theory,repeatable_and_notparametrized
580,Distribution,repeatable_and_parametrized
580,Cross Table,repeatable_and_notparametrized
580,Correlation,repeatable_and_parametrized
580,Mean Difference,repeatable_and_notparametrized
913,Methodology,repeatable_and_notparametrized
913,Measurement Theory,repeatable_and_parametrized
913,Distribution,repeatable_and_notparametrized
913,Cross Table,repeatable_and_parametrized
913,Correlation,repeatable_and_notparametrized
913,Mean Difference,repeatable_and_parametrized
795,Methodology,repeatable_and_parametrized
795,Measurement Theory,repeatable_and_notparametrized
795,Distribution,repeatable_and_parametrized
795,Cross Table,repeatable_and_notparametrized
795,Correlation,repeatable_and_parametrized
795,Mean Difference,repeatable_and_notparametrized
895,Methodology,repeatable_and_parametrized
895,Measurement Theory,repeatable_and_notparametrized
895,Distribution,repeatable_and_parametrized
895,Cross Table,repeatable_and_notparametrized
895,Correlation,repeatable_and_parametrized
895,Mean Difference,repeatable_and_notparametrized
744,Methodology,repeatable_and_parametrized
744,Measurement Theory,repeatable_and_notparametrized
744,Distribution,repeatable_and_parametrized
744,Cross Table,repeatable_and_notparametrized
744,Correlation,repeatable_and_parametrized
744,Mean Difference,repeatable_and_notparametrized
717,Methodology,repeatable_and_notparametrized
717,Measurement Theory,repeatable_and_parametrized
717,Distribution,repeatable_and_notparametrized
717,Cross Table,repeatable_and_parametrized
717,Correlation,repeatable_and_notparametrized
717,Mean Difference,repeatable_and_parametrized
874,Methodology,repeatable_and_notparametrized
874,Measurement Theory,repeatable_and_parametrized
874,Distribution,repeatable_and_notparametrized
874,Cross Table,repeatable_and_parametrized
874,Correlation,repeatable_and_notparametrized
874,Mean Difference,repeatable_and_parametrized
689,Methodology,repeatable_and_parametrized
689,Measurement Theory,repeatable_and_notparametrized
689,Distribution,repeatable_and_parametrized
689,Cross Table,repeatable_and_notparametrized
689,Correlation,repeatable_and_parametrized
689,Mean Difference,repeatable_and_notparametrized
531,Methodology,repeatable_and_parametrized
531,Measurement Theory,repeatable_and_notparametrized
531,Distribution,repeatable_and_parametrized
531,Cross Table,repeatable_and_notparametrized
531,Correlation,repeatable_and_parametrized
531,Mean Difference,repeatable_and_notparametrized
786,Methodology,repeatable_and_notparametrized
786,Measurement Theory,repeatable_and_parametrized
786,Distribution,repeatable_and_notparametrized
786,Cross Table,repeatable_and_parametrized
786,Correlation,repeatable_and_notparametrized
786,Mean Difference,repeatable_and_parametrized
793,Methodology,repeatable_and_notparametrized
793,Measurement Theory,repeatable_and_parametrized
793,Distribution,repeatable_and_notparametrized
793,Cross Table,repeatable_and_parametrized
793,Correlation,repeatable_and_notparametrized
793,Mean Difference,repeatable_and_parametrized
648,Methodology,repeatable_and_notparametrized
648,Measurement Theory,repeatable_and_parametrized
648,Distribution,repeatable_and_notparametrized
648,Cross Table,repeatable_and_parametrized
648,Correlation,repeatable_and_notparametrized
648,Mean Difference,repeatable_and_parametrized
827,Methodology,repeatable_and_parametrized
827,Measurement Theory,repeatable_and_notparametrized
827,Distribution,repeatable_and_parametrized
827,Cross Table,repeatable_and_notparametrized
827,Correlation,repeatable_and_parametrized
827,Mean Difference,repeatable_and_notparametrized
573,Methodology,repeatable_and_parametrized
573,Measurement Theory,repeatable_and_notparametrized
573,Distribution,repeatable_and_parametrized
573,Cross Table,repeatable_and_notparametrized
573,Correlation,repeatable_and_parametrized
573,Mean Difference,repeatable_and_notparametrized
678,Methodology,repeatable_and_notparametrized
678,Measurement Theory,repeatable_and_parametrized
678,Distribution,repeatable_and_notparametrized
678,Cross Table,repeatable_and_parametrized
678,Correlation,repeatable_and_notparametrized
678,Mean Difference,repeatable_and_parametrized
807,Methodology,repeatable_and_notparametrized
807,Measurement Theory,repeatable_and_parametrized
807,Distribution,repeatable_and_notparametrized
807,Cross Table,repeatable_and_parametrized
807,Correlation,repeatable_and_notparametrized
807,Mean Difference,repeatable_and_parametrized
855,Methodology,repeatable_and_parametrized
855,Measurement Theory,repeatable_and_notparametrized
855,Distribution,repeatable_and_parametrized
855,Cross Table,repeatable_and_notparametrized
855,Correlation,repeatable_and_parametrized
855,Mean Difference,repeatable_and_notparametrized
847,Methodology,repeatable_and_notparametrized
847,Measurement Theory,repeatable_and_parametrized
847,Distribution,repeatable_and_notparametrized
847,Cross Table,repeatable_and_parametrized
847,Correlation,repeatable_and_notparametrized
847,Mean Difference,repeatable_and_parametrized
709,Methodology,repeatable_and_notparametrized
709,Measurement Theory,repeatable_and_parametrized
709,Distribution,repeatable_and_notparametrized
709,Cross Table,repeatable_and_parametrized
709,Correlation,repeatable_and_notparametrized
709,Mean Difference,repeatable_and_parametrized
908,Methodology,repeatable_and_notparametrized
908,Measurement Theory,repeatable_and_parametrized
908,Distribution,repeatable_and_notparametrized
908,Cross Table,repeatable_and_parametrized
908,Correlation,repeatable_and_notparametrized
908,Mean Difference,repeatable_and_parametrized
878,Methodology,repeatable_and_parametrized
878,Measurement Theory,repeatable_and_notparametrized
878,Distribution,repeatable_and_parametrized
878,Cross Table,repeatable_and_notparametrized
878,Correlation,repeatable_and_parametrized
878,Mean Difference,repeatable_and_notparametrized
866,Methodology,repeatable_and_notparametrized
866,Measurement Theory,repeatable_and_parametrized
866,Distribution,repeatable_and_notparametrized
866,Cross Table,repeatable_and_parametrized
866,Correlation,repeatable_and_notparametrized
866,Mean Difference,repeatable_and_parametrized
564,Methodology,repeatable_and_notparametrized
564,Measurement Theory,repeatable_and_parametrized
564,Distribution,repeatable_and_notparametrized
564,Cross Table,repeatable_and_parametrized
564,Correlation,repeatable_and_notparametrized
564,Mean Difference,repeatable_and_parametrized
577,Methodology,repeatable_and_parametrized
577,Measurement Theory,repeatable_and_notparametrized
577,Distribution,repeatable_and_parametrized
577,Cross Table,repeatable_and_notparametrized
577,Correlation,repeatable_and_parametrized
577,Mean Difference,repeatable_and_notparametrized
570,Methodology,repeatable_and_parametrized
570,Measurement Theory,repeatable_and_notparametrized
570,Distribution,repeatable_and_parametrized
570,Cross Table,repeatable_and_notparametrized
570,Correlation,repeatable_and_parametrized
570,Mean Difference,repeatable_and_notparametrized
832,Methodology,repeatable_and_notparametrized
832,Measurement Theory,repeatable_and_parametrized
832,Distribution,repeatable_and_notparametrized
832,Cross Table,repeatable_and_parametrized
832,Correlation,repeatable_and_notparametrized
832,Mean Difference,repeatable_and_parametrized
356,Methodology,repeatable_and_parametrized
356,Measurement Theory,repeatable_and_notparametrized
356,Distribution,repeatable_and_parametrized
356,Cross Table,repeatable_and_notparametrized
356,Correlation,repeatable_and_parametrized
356,Mean Difference,repeatable_and_notparametrized
904,Methodology,repeatable_and_notparametrized
904,Measurement Theory,repeatable_and_parametrized
904,Distribution,repeatable_and_notparametrized
904,Cross Table,repeatable_and_parametrized
904,Correlation,repeatable_and_notparametrized
904,Mean Difference,repeatable_and_parametrized
928,Methodology,repeatable_and_parametrized
928,Measurement Theory,repeatable_and_notparametrized
928,Distribution,repeatable_and_parametrized
928,Cross Table,repeatable_and_notparametrized
928,Correlation,repeatable_and_parametrized
928,Mean Difference,repeatable_and_notparametrized
842,Methodology,repeatable_and_notparametrized
842,Measurement Theory,repeatable_and_parametrized
842,Distribution,repeatable_and_notparametrized
842,Cross Table,repeatable_and_parametrized
842,Correlation,repeatable_and_notparametrized
842,Mean Difference,repeatable_and_parametrized
724,Methodology,repeatable_and_notparametrized
724,Measurement Theory,repeatable_and_parametrized
724,Distribution,repeatable_and_notparametrized
724,Cross Table,repeatable_and_parametrized
724,Correlation,repeatable_and_notparametrized
724,Mean Difference,repeatable_and_parametrized
652,Methodology,repeatable_and_parametrized
652,Measurement Theory,repeatable_and_notparametrized
652,Distribution,repeatable_and_parametrized
652,Cross Table,repeatable_and_notparametrized
652,Correlation,repeatable_and_parametrized
652,Mean Difference,repeatable_and_notparametrized
845,Methodology,repeatable_and_notparametrized
845,Measurement Theory,repeatable_and_parametrized
845,Distribution,repeatable_and_notparametrized
845,Cross Table,repeatable_and_parametrized
845,Correlation,repeatable_and_notparametrized
845,Mean Difference,repeatable_and_parametrized
732,Methodology,repeatable_and_notparametrized
732,Measurement Theory,repeatable_and_parametrized
732,Distribution,repeatable_and_notparametrized
732,Cross Table,repeatable_and_parametrized
732,Correlation,repeatable_and_notparametrized
732,Mean Difference,repeatable_and_parametrized
419,Methodology,repeatable_and_parametrized
419,Measurement Theory,repeatable_and_notparametrized
419,Distribution,repeatable_and_parametrized
419,Cross Table,repeatable_and_notparametrized
419,Correlation,repeatable_and_parametrized
419,Mean Difference,repeatable_and_notparametrized
686,Methodology,repeatable_and_notparametrized
686,Measurement Theory,repeatable_and_parametrized
686,Distribution,repeatable_and_notparametrized
686,Cross Table,repeatable_and_parametrized
686,Correlation,repeatable_and_notparametrized
686,Mean Difference,repeatable_and_parametrized
893,Methodology,repeatable_and_parametrized
893,Measurement Theory,repeatable_and_notparametrized
893,Distribution,repeatable_and_parametrized
893,Cross Table,repeatable_and_notparametrized
893,Correlation,repeatable_and_parametrized
893,Mean Difference,repeatable_and_notparametrized
903,Methodology,repeatable_and_parametrized
903,Measurement Theory,repeatable_and_notparametrized
903,Distribution,repeatable_and_parametrized
903,Cross Table,repeatable_and_notparametrized
903,Correlation,repeatable_and_parametrized
903,Mean Difference,repeatable_and_notparametrized
764,Methodology,repeatable_and_parametrized
764,Measurement Theory,repeatable_and_notparametrized
764,Distribution,repeatable_and_parametrized
764,Cross Table,repeatable_and_notparametrized
764,Correlation,repeatable_and_parametrized
764,Mean Difference,repeatable_and_notparametrized
783,Methodology,repeatable_and_parametrized
783,Measurement Theory,repeatable_and_notparametrized
783,Distribution,repeatable_and_parametrized
783,Cross Table,repeatable_and_notparametrized
783,Correlation,repeatable_and_parametrized
783,Mean Difference,repeatable_and_notparametrized
313,Methodology,repeatable_and_notparametrized
313,Measurement Theory,repeatable_and_parametrized
313,Distribution,repeatable_and_notparametrized
313,Cross Table,repeatable_and_parametrized
313,Correlation,repeatable_and_notparametrized
313,Mean Difference,repeatable_and_parametrized
391,Methodology,repeatable_and_notparametrized
391,Measurement Theory,repeatable_and_parametrized
391,Distribution,repeatable_and_notparametrized
391,Cross Table,repeatable_and_parametrized
391,Correlation,repeatable_and_notparametrized
391,Mean Difference,repeatable_and_parametrized
746,Methodology,repeatable_and_notparametrized
746,Measurement Theory,repeatable_and_parametrized
746,Distribution,repeatable_and_notparametrized
746,Cross Table,repeatable_and_parametrized
746,Correlation,repeatable_and_notparametrized
746,Mean Difference,repeatable_and_parametrized
791,Methodology,repeatable_and_parametrized
791,Measurement Theory,repeatable_and_notparametrized
791,Distribution,repeatable_and_parametrized
791,Cross Table,repeatable_and_notparametrized
791,Correlation,repeatable_and_parametrized
791,Mean Difference,repeatable_and_notparametrized
726,Methodology,repeatable_and_notparametrized
726,Measurement Theory,repeatable_and_parametrized
726,Distribution,repeatable_and_notparametrized
726,Cross Table,repeatable_and_parametrized
726,Correlation,repeatable_and_notparametrized
726,Mean Difference,repeatable_and_parametrized
702,Methodology,repeatable_and_parametrized
702,Measurement Theory,repeatable_and_notparametrized
702,Distribution,repeatable_and_parametrized
702,Cross Table,repeatable_and_notparametrized
702,Correlation,repeatable_and_parametrized
702,Mean Difference,repeatable_and_notparametrized
886,Methodology,repeatable_and_parametrized
886,Measurement Theory,repeatable_and_notparametrized
886,Distribution,repeatable_and_parametrized
886,Cross Table,repeatable_and_notparametrized
886,Correlation,repeatable_and_parametrized
886,Mean Difference,repeatable_and_notparametrized
910,Methodology,repeatable_and_parametrized
910,Measurement Theory,repeatable_and_notparametrized
910,Distribution,repeatable_and_parametrized
910,Cross Table,repeatable_and_notparametrized
910,Correlation,repeatable_and_parametrized
910,Mean Difference,repeatable_and_notparametrized
716,Methodology,repeatable_and_notparametrized
716,Measurement Theory,repeatable_and_parametrized
716,Distribution,repeatable_and_notparametrized
716,Cross Table,repeatable_and_parametrized
716,Correlation,repeatable_and_notparametrized
716,Mean Difference,repeatable_and_parametrized
617,Methodology,repeatable_and_parametrized
617,Measurement Theory,repeatable_and_notparametrized
617,Distribution,repeatable_and_parametrized
617,Cross Table,repeatable_and_notparametrized
617,Correlation,repeatable_and_parametrized
617,Mean Difference,repeatable_and_notparametrized
770,Methodology,repeatable_and_notparametrized
770,Measurement Theory,repeatable_and_parametrized
770,Distribution,repeatable_and_notparametrized
770,Cross Table,repeatable_and_parametrized
770,Correlation,repeatable_and_notparametrized
770,Mean Difference,repeatable_and_parametrized
787,Methodology,repeatable_and_parametrized
787,Measurement Theory,repeatable_and_notparametrized
787,Distribution,repeatable_and_parametrized
787,Cross Table,repeatable_and_notparametrized
787,Correlation,repeatable_and_parametrized
787,Mean Difference,repeatable_and_notparametrized
853,Methodology,repeatable_and_parametrized
853,Measurement Theory,repeatable_and_notparametrized
853,Distribution,repeatable_and_parametrized
853,Cross Table,repeatable_and_notparametrized
853,Correlation,repeatable_and_parametrized
853,Mean Difference,repeatable_and_notparametrized
735,Methodology,repeatable_and_notparametrized
735,Measurement Theory,repeatable_and_parametrized
735,Distribution,repeatable_and_notparametrized
735,Cross Table,repeatable_and_parametrized
735,Correlation,repeatable_and_notparametrized
735,Mean Difference,repeatable_and_parametrized
912,Methodology,repeatable_and_notparametrized
912,Measurement Theory,repeatable_and_parametrized
912,Distribution,repeatable_and_notparametrized
912,Cross Table,repeatable_and_parametrized
912,Correlation,repeatable_and_notparametrized
912,Mean Difference,repeatable_and_parametrized
850,Methodology,repeatable_and_notparametrized
850,Measurement Theory,repeatable_and_parametrized
850,Distribution,repeatable_and_notparametrized
850,Cross Table,repeatable_and_parametrized
850,Correlation,repeatable_and_notparametrized
850,Mean Difference,repeatable_and_parametrized
883,Methodology,repeatable_and_parametrized
883,Measurement Theory,repeatable_and_notparametrized
883,Distribution,repeatable_and_parametrized
883,Cross Table,repeatable_and_notparametrized
883,Correlation,repeatable_and_parametrized
883,Mean Difference,repeatable_and_notparametrized
905,Methodology,repeatable_and_parametrized
905,Measurement Theory,repeatable_and_notparametrized
905,Distribution,repeatable_and_parametrized
905,Cross Table,repeatable_and_notparametrized
905,Correlation,repeatable_and_parametrized
905,Mean Difference,repeatable_and_notparametrized
914,Methodology,repeatable_and_notparametrized
914,Measurement Theory,repeatable_and_parametrized
914,Distribution,repeatable_and_notparametrized
914,Cross Table,repeatable_and_parametrized
914,Correlation,repeatable_and_notparametrized
914,Mean Difference,repeatable_and_parametrized
718,Methodology,repeatable_and_notparametrized
718,Measurement Theory,repeatable_and_parametrized
718,Distribution,repeatable_and_notparametrized
718,Cross Table,repeatable_and_parametrized
718,Correlation,repeatable_and_notparametrized
718,Mean Difference,repeatable_and_parametrized
884,Methodology,repeatable_and_parametrized
884,Measurement Theory,repeatable_and_notparametrized
884,Distribution,repeatable_and_parametrized
884,Cross Table,repeatable_and_notparametrized
884,Correlation,repeatable_and_parametrized
884,Mean Difference,repeatable_and_notparametrized
389,Methodology,repeatable_and_notparametrized
389,Measurement Theory,repeatable_and_parametrized
389,Distribution,repeatable_and_notparametrized
389,Cross Table,repeatable_and_parametrized
389,Correlation,repeatable_and_notparametrized
389,Mean Difference,repeatable_and_parametrized
743,Methodology,repeatable_and_parametrized
743,Measurement Theory,repeatable_and_notparametrized
743,Distribution,repeatable_and_parametrized
743,Cross Table,repeatable_and_notparametrized
743,Correlation,repeatable_and_parametrized
743,Mean Difference,repeatable_and_notparametrized
754,Methodology,repeatable_and_notparametrized
754,Measurement Theory,repeatable_and_parametrized
754,Distribution,repeatable_and_notparametrized
754,Cross Table,repeatable_and_parametrized
754,Correlation,repeatable_and_notparametrized
754,Mean Difference,repeatable_and_parametrized
831,Methodology,repeatable_and_notparametrized
831,Measurement Theory,repeatable_and_parametrized
831,Distribution,repeatable_and_notparametrized
831,Cross Table,repeatable_and_parametrized
831,Correlation,repeatable_and_notparametrized
831,Mean Difference,repeatable_and_parametrized
