PID,group,gender,age,SWS,abi_average,math_average,BF_Gew,BF_Ext,BF_Neu,BF_Ver,BF_Off,procrastination,SELLMO_LZ,SELLMO_AL,SELLMO_VL,SELLMO_AV,nfc,second_try,prior_knowledge,entrance_certificate,study_program,semester,financing_parents,financing_bafoeg,financing_scholarship,financing_job,financing_others
200,A,weiblich,21,24,2.7,5,11,19,16,18,15,31,31,18,14,23,3.75,"Nein, ich schreibe die Klausur in diesem Semester zum ersten Mal.",etwas überdurchschnittlich,Allgemeine Hochschulreife,Bachelor Sekundarstufe,4,TRUE,FALSE,FALSE,TRUE,FALSE
283,B,männlich,23,26,2.7,4,17,15,8,13,11,23,33,14,10,22,6,"Nein, ich schreibe die Klausur in diesem Semester zum ersten Mal.",etwas überdurchschnittlich,Allgemeine Hochschulreife,Bachelor Primarstufe,3,FALSE,FALSE,FALSE,FALSE,FALSE
290,B,weiblich,23,20,2.0,NA,15,11,18,21,17,24,38,22,24,23,3.75,"Nein, ich schreibe die Klausur in diesem Semester zum ersten Mal.",sehr unterdurchschnittlich,Allgemeine Hochschulreife,Bachelor Primarstufe,3,TRUE,FALSE,FALSE,FALSE,FALSE
298,B,männlich,20,40,2.3,9,14,19,12,13,12,24,26,28,24,25,2.75,"Nein, ich schreibe die Klausur in diesem Semester zum ersten Mal.",etwas unterdurchschnittlich,Allgemeine Hochschulreife,Bachelor Sekundarstufe,3,TRUE,FALSE,FALSE,TRUE,FALSE
299,A,weiblich,20,12,1.7,11,16,11,13,17,15,20,32,15,8,10,3.75,"Nein, ich schreibe die Klausur in diesem Semester zum ersten Mal.",etwas unterdurchschnittlich,Allgemeine Hochschulreife,Bachelor Sekundarstufe,3,TRUE,FALSE,FALSE,FALSE,FALSE
302,B,weiblich,20,4,2.7,8,13,17,14,19,14,21,33,19,16,19,4.5,"Nein, ich schreibe die Klausur in diesem Semester zum ersten Mal.",etwas überdurchschnittlich,Allgemeine Hochschulreife,Bachelor Primarstufe,5,TRUE,FALSE,FALSE,FALSE,FALSE
304,A,weiblich,21,12,2.4,6,16,16,15,20,16,19,34,13,15,17,4.75,"Nein, ich schreibe die Klausur in diesem Semester zum ersten Mal.",etwas unterdurchschnittlich,Allgemeine Hochschulreife,Bachelor Sekundarstufe,3,TRUE,FALSE,FALSE,TRUE,FALSE
307,B,männlich,23,5,2.8,2,11,15,10,19,16,33,33,23,21,24,3.25,"Nein, ich schreibe die Klausur in diesem Semester zum ersten Mal.",etwas unterdurchschnittlich,Allgemeine Hochschulreife,Bachelor Sekundarstufe,7,TRUE,FALSE,FALSE,FALSE,FALSE
308,A,weiblich,23,15,2.5,7,17,14,19,19,14,32,36,34,39,19,3,"Nein, ich schreibe die Klausur in diesem Semester zum ersten Mal.",etwas unterdurchschnittlich,Allgemeine Hochschulreife,Bachelor Primarstufe,3,TRUE,FALSE,FALSE,FALSE,FALSE
313,B,weiblich,22,30,2.1,10,12,12,12,18,17,30,34,24,23,20,4.5,"Nein, ich schreibe die Klausur in diesem Semester zum ersten Mal.",sehr unterdurchschnittlich,Allgemeine Hochschulreife,Bachelor Sekundarstufe,3,TRUE,FALSE,FALSE,TRUE,FALSE
316,A,weiblich,23,13,2.6,6,19,14,17,20,16,21,39,20,17,12,5.25,"Nein, ich schreibe die Klausur in diesem Semester zum ersten Mal.",etwas unterdurchschnittlich,Allgemeine Hochschulreife,Bachelor Sekundarstufe,3,TRUE,FALSE,FALSE,FALSE,TRUE
321,A,weiblich,20,10,1.8,1,19,16,20,19,15,28,30,15,22,19,2.75,"Ja, ich habe bereits an der Klausur teilgenommen.",etwas unterdurchschnittlich,Allgemeine Hochschulreife,Bachelor Primarstufe,3,TRUE,FALSE,FALSE,TRUE,FALSE
325,A,männlich,24,13,3.4,NA,15,20,4,15,15,19,19,7,9,20,3.5,"Nein, ich schreibe die Klausur in diesem Semester zum ersten Mal.",etwas überdurchschnittlich,Fachhochschulreife,Bachelor Sekundarstufe,3,FALSE,TRUE,FALSE,TRUE,FALSE
326,A,weiblich,21,12,2.1,7,18,17,20,19,17,25,33,25,26,18,6.25,"Nein, ich schreibe die Klausur in diesem Semester zum ersten Mal.",sehr überdurchschnittlich,Allgemeine Hochschulreife,Bachelor Sekundarstufe,5,TRUE,FALSE,FALSE,FALSE,TRUE
346,A,männlich,22,31,1.9,13,12,16,5,21,16,35,32,8,8,20,5,"Nein, ich schreibe die Klausur in diesem Semester zum ersten Mal.",etwas unterdurchschnittlich,Allgemeine Hochschulreife,Bachelor Primarstufe,5,TRUE,FALSE,FALSE,FALSE,FALSE
351,A,männlich,34,8,3,NA,18,16,11,18,17,12,36,21,20,23,4.5,"Nein, ich schreibe die Klausur in diesem Semester zum ersten Mal.",etwas unterdurchschnittlich,Meister/Techniker/Betriebswirt,Bachelor Primarstufe,5,FALSE,FALSE,FALSE,TRUE,FALSE
356,A,weiblich,28,8,1.7,13,13,14,17,16,20,24,39,16,15,14,4,"Nein, ich schreibe die Klausur in diesem Semester zum ersten Mal.",etwas überdurchschnittlich,Allgemeine Hochschulreife,Bachelor Primarstufe,6,FALSE,FALSE,FALSE,FALSE,FALSE
357,A,weiblich,21,12,2.6,4,16,18,18,17,19,24,36,26,20,19,3,"Nein, ich schreibe die Klausur in diesem Semester zum ersten Mal.",sehr unterdurchschnittlich,Allgemeine Hochschulreife,Bachelor Sekundarstufe,3,TRUE,FALSE,FALSE,FALSE,FALSE
358,A,männlich,27,9,2.6,4,13,18,4,20,19,28,38,14,10,30,4.75,"Nein, ich schreibe die Klausur in diesem Semester zum ersten Mal.",etwas überdurchschnittlich,Allgemeine Hochschulreife,Bachelor Sekundarstufe,5,TRUE,FALSE,FALSE,TRUE,FALSE
360,A,weiblich,21,18,2.3,9,12,10,15,15,19,26,36,14,17,20,3.5,"Nein, ich schreibe die Klausur in diesem Semester zum ersten Mal.",etwas unterdurchschnittlich,Allgemeine Hochschulreife,Bachelor Sekundarstufe,3,TRUE,FALSE,FALSE,FALSE,FALSE
366,B,männlich,26,10,2.7,5,14,16,8,16,19,22,35,10,8,19,4.5,"Ja, ich habe bereits an der Klausur teilgenommen.",sehr unterdurchschnittlich,Allgemeine Hochschulreife,Bachelor Sekundarstufe,7,TRUE,FALSE,FALSE,TRUE,FALSE
379,B,weiblich,24,5,2.4,4,19,21,15,20,19,14,37,18,11,20,4.75,"Nein, ich schreibe die Klausur in diesem Semester zum ersten Mal.",etwas unterdurchschnittlich,Allgemeine Hochschulreife,Bachelor Sekundarstufe,5,FALSE,TRUE,FALSE,TRUE,FALSE
388,B,weiblich,20,12,2.1,7,18,18,19,15,9,17,37,21,13,10,3.5,"Nein, ich schreibe die Klausur in diesem Semester zum ersten Mal.",etwas unterdurchschnittlich,Allgemeine Hochschulreife,Bachelor Primarstufe,3,FALSE,FALSE,FALSE,FALSE,FALSE
389,B,weiblich,23,8,2.3,5,11,6,15,20,12,32,30,23,34,25,3,"Nein, ich schreibe die Klausur in diesem Semester zum ersten Mal.",sehr unterdurchschnittlich,Allgemeine Hochschulreife,Bachelor Sekundarstufe,5,FALSE,FALSE,FALSE,FALSE,FALSE
391,B,männlich,21,15,2.6,7,11,11,15,19,18,28,31,15,15,24,2.5,"Nein, ich schreibe die Klausur in diesem Semester zum ersten Mal.",etwas unterdurchschnittlich,Allgemeine Hochschulreife,Bachelor Sekundarstufe,5,TRUE,FALSE,FALSE,FALSE,FALSE
392,A,weiblich,20,9,1.9,11,15,13,17,18,19,20,37,21,23,17,5.75,"Nein, ich schreibe die Klausur in diesem Semester zum ersten Mal.",etwas unterdurchschnittlich,Allgemeine Hochschulreife,Bachelor Primarstufe,3,TRUE,FALSE,FALSE,FALSE,TRUE
395,B,weiblich,20,15,1.4,10,16,11,7,21,16,26,31,15,8,8,3.75,"Nein, ich schreibe die Klausur in diesem Semester zum ersten Mal.",etwas unterdurchschnittlich,Fachgebundene Hochschulreife,Bachelor Primarstufe,3,FALSE,FALSE,FALSE,FALSE,FALSE
404,A,männlich,21,22,2.1,3,13,17,18,12,18,26,35,17,13,9,3.75,"Nein, ich schreibe die Klausur in diesem Semester zum ersten Mal.",etwas unterdurchschnittlich,Allgemeine Hochschulreife,Bachelor Sekundarstufe,3,TRUE,FALSE,FALSE,FALSE,FALSE
406,B,weiblich,23,15,2.7,4,20,21,7,19,15,19,38,18,17,19,4.75,"Nein, ich schreibe die Klausur in diesem Semester zum ersten Mal.",etwas überdurchschnittlich,Allgemeine Hochschulreife,Bachelor Sekundarstufe,3,TRUE,FALSE,FALSE,FALSE,TRUE
414,B,weiblich,20,37,2.8,NA,17,17,13,19,16,17,36,18,9,14,4.5,"Ja, ich habe bereits an der Klausur teilgenommen.",etwas überdurchschnittlich,Allgemeine Hochschulreife,Bachelor Primarstufe,3,TRUE,TRUE,FALSE,TRUE,FALSE
419,A,weiblich,20,5,2.2,2,16,21,15,19,17,26,37,20,21,17,3,"Nein, ich schreibe die Klausur in diesem Semester zum ersten Mal.",sehr unterdurchschnittlich,Allgemeine Hochschulreife,Bachelor Primarstufe,5,TRUE,FALSE,FALSE,TRUE,FALSE
445,B,männlich,23,14,2.6,12,12,20,8,19,14,30,35,20,8,24,4.5,"Ja, ich habe bereits an der Klausur teilgenommen.",etwas überdurchschnittlich,Allgemeine Hochschulreife,Bachelor Primarstufe,7,TRUE,FALSE,FALSE,TRUE,FALSE
531,A,männlich,20,20,2.3,6,16,14,13,19,9,21,34,15,16,20,4.75,"Nein, ich schreibe die Klausur in diesem Semester zum ersten Mal.",etwas unterdurchschnittlich,Allgemeine Hochschulreife,Bachelor Sekundarstufe,3,TRUE,FALSE,FALSE,TRUE,FALSE
536,B,männlich,23,26,2.3,8,15,11,13,18,15,17,35,13,19,14,5.75,"Nein, ich schreibe die Klausur in diesem Semester zum ersten Mal.",etwas überdurchschnittlich,Allgemeine Hochschulreife,Bachelor Sekundarstufe,3,TRUE,FALSE,FALSE,TRUE,FALSE
537,A,weiblich,19,NA,1.7,10,17,14,16,20,16,NA,33,22,16,13,4.5,"Nein, ich schreibe die Klausur in diesem Semester zum ersten Mal.",etwas überdurchschnittlich,Allgemeine Hochschulreife,Bachelor Primarstufe,3,TRUE,TRUE,FALSE,FALSE,FALSE
538,A,männlich,19,24,2.4,4,15,17,11,11,15,19,24,18,13,16,5,"Nein, ich schreibe die Klausur in diesem Semester zum ersten Mal.",etwas unterdurchschnittlich,Allgemeine Hochschulreife,Bachelor Sekundarstufe,3,TRUE,FALSE,FALSE,TRUE,FALSE
539,A,weiblich,20,11,2.2,6,20,9,20,19,16,24,31,19,19,18,4,"Nein, ich schreibe die Klausur in diesem Semester zum ersten Mal.",etwas unterdurchschnittlich,Allgemeine Hochschulreife,Bachelor Primarstufe,3,TRUE,FALSE,FALSE,TRUE,FALSE
540,B,weiblich,20,18,2.0,2,15,7,18,11,10,29,36,28,35,21,4,"Nein, ich schreibe die Klausur in diesem Semester zum ersten Mal.",etwas überdurchschnittlich,Allgemeine Hochschulreife,Bachelor Primarstufe,3,TRUE,FALSE,FALSE,TRUE,FALSE
541,B,weiblich,18,19,1.5,13,18,9,15,16,18,15,34,26,26,18,3.75,"Nein, ich schreibe die Klausur in diesem Semester zum ersten Mal.",sehr unterdurchschnittlich,Allgemeine Hochschulreife,Bachelor Primarstufe,3,TRUE,FALSE,FALSE,TRUE,FALSE
543,A,weiblich,20,20,2.2,10,18,11,14,15,16,13,39,14,23,20,5.5,"Nein, ich schreibe die Klausur in diesem Semester zum ersten Mal.",etwas unterdurchschnittlich,Allgemeine Hochschulreife,Bachelor Primarstufe,3,TRUE,FALSE,FALSE,FALSE,FALSE
545,B,weiblich,20,20,2.0,7,21,21,14,21,17,9,39,19,13,10,5.5,"Nein, ich schreibe die Klausur in diesem Semester zum ersten Mal.",sehr unterdurchschnittlich,Allgemeine Hochschulreife,Bachelor Sekundarstufe,3,FALSE,FALSE,FALSE,FALSE,FALSE
546,A,weiblich,22,18,3.0,8,17,19,16,18,14,13,27,20,16,18,3.75,"Nein, ich schreibe die Klausur in diesem Semester zum ersten Mal.",sehr unterdurchschnittlich,Allgemeine Hochschulreife,Bachelor Sekundarstufe,3,TRUE,FALSE,FALSE,FALSE,TRUE
547,A,weiblich,19,24,1.2,13,16,14,13,20,14,34,38,24,19,15,4.5,"Nein, ich schreibe die Klausur in diesem Semester zum ersten Mal.",etwas unterdurchschnittlich,Allgemeine Hochschulreife,Bachelor Primarstufe,3,TRUE,FALSE,FALSE,TRUE,FALSE
548,B,weiblich,20,20,1.6,14,13,13,15,13,15,22,32,23,23,32,3.5,"Nein, ich schreibe die Klausur in diesem Semester zum ersten Mal.",etwas unterdurchschnittlich,Allgemeine Hochschulreife,Bachelor Primarstufe,3,TRUE,FALSE,FALSE,FALSE,FALSE
549,A,weiblich,20,24,2.3,8,10,15,16,21,17,26,37,11,11,14,5,"Nein, ich schreibe die Klausur in diesem Semester zum ersten Mal.",etwas unterdurchschnittlich,Allgemeine Hochschulreife,Bachelor Primarstufe,3,TRUE,FALSE,FALSE,FALSE,FALSE
551,B,weiblich,20,20,2.3,11,14,11,11,17,14,16,31,19,26,24,3.75,"Nein, ich schreibe die Klausur in diesem Semester zum ersten Mal.",etwas unterdurchschnittlich,Allgemeine Hochschulreife,Bachelor Primarstufe,3,TRUE,FALSE,FALSE,FALSE,FALSE
552,A,weiblich,20,20,1.6,14,18,9,10,18,17,23,32,25,19,25,4.5,"Nein, ich schreibe die Klausur in diesem Semester zum ersten Mal.",etwas unterdurchschnittlich,Allgemeine Hochschulreife,Bachelor Primarstufe,3,TRUE,FALSE,FALSE,FALSE,FALSE
553,B,weiblich,20,14,2.7,NA,16,16,11,16,14,15,32,24,24,22,4.25,"Nein, ich schreibe die Klausur in diesem Semester zum ersten Mal.",etwas unterdurchschnittlich,Allgemeine Hochschulreife,Bachelor Primarstufe,3,TRUE,FALSE,FALSE,TRUE,FALSE
554,A,weiblich,19,10,2.4,3,18,18,15,15,16,9,22,29,27,25,3.5,"Nein, ich schreibe die Klausur in diesem Semester zum ersten Mal.",etwas unterdurchschnittlich,Allgemeine Hochschulreife,Bachelor Primarstufe,3,TRUE,FALSE,FALSE,TRUE,FALSE
555,B,männlich,20,15,2.2,12,13,13,12,17,16,24,35,22,17,25,4,"Nein, ich schreibe die Klausur in diesem Semester zum ersten Mal.",etwas unterdurchschnittlich,Allgemeine Hochschulreife,Bachelor Primarstufe,3,TRUE,FALSE,FALSE,TRUE,FALSE
556,A,weiblich,20,16,1.6,15,17,13,10,13,11,15,20,25,20,29,2.75,"Nein, ich schreibe die Klausur in diesem Semester zum ersten Mal.",sehr unterdurchschnittlich,Allgemeine Hochschulreife,Bachelor Primarstufe,3,TRUE,FALSE,FALSE,TRUE,FALSE
557,B,weiblich,21,16,2.3,4,17,15,16,19,18,13,36,24,13,15,5,"Nein, ich schreibe die Klausur in diesem Semester zum ersten Mal.",sehr unterdurchschnittlich,Allgemeine Hochschulreife,Bachelor Primarstufe,3,TRUE,TRUE,FALSE,FALSE,FALSE
558,A,männlich,21,12,2.2,7,16,13,13,13,14,15,29,21,26,22,4.25,"Nein, ich schreibe die Klausur in diesem Semester zum ersten Mal.",etwas überdurchschnittlich,Allgemeine Hochschulreife,Bachelor Sekundarstufe,3,TRUE,FALSE,FALSE,FALSE,TRUE
559,A,weiblich,20,9,2.5,8,17,18,11,15,13,17,27,19,27,17,3.5,"Nein, ich schreibe die Klausur in diesem Semester zum ersten Mal.",etwas unterdurchschnittlich,Fachgebundene Hochschulreife,Bachelor Sekundarstufe,3,TRUE,FALSE,FALSE,TRUE,FALSE
560,B,weiblich,20,18,1.9,NA,19,11,13,17,14,15,30,16,16,16,3.25,"Nein, ich schreibe die Klausur in diesem Semester zum ersten Mal.",etwas unterdurchschnittlich,Allgemeine Hochschulreife,Bachelor Primarstufe,3,TRUE,FALSE,FALSE,FALSE,TRUE
561,A,weiblich,20,10,1.5,9,16,15,17,15,19,23,38,26,22,14,4.75,"Nein, ich schreibe die Klausur in diesem Semester zum ersten Mal.",etwas unterdurchschnittlich,Allgemeine Hochschulreife,Bachelor Primarstufe,3,TRUE,FALSE,FALSE,TRUE,FALSE
563,A,weiblich,20,24,1.7,12,11,16,14,18,14,26,33,13,16,16,4.75,"Nein, ich schreibe die Klausur in diesem Semester zum ersten Mal.",sehr unterdurchschnittlich,Allgemeine Hochschulreife,Bachelor Primarstufe,3,TRUE,FALSE,FALSE,FALSE,TRUE
564,B,weiblich,21,24,2.2,5,19,20,15,19,19,21,40,22,10,10,5.25,"Nein, ich schreibe die Klausur in diesem Semester zum ersten Mal.",etwas überdurchschnittlich,Allgemeine Hochschulreife,Bachelor Sekundarstufe,3,TRUE,FALSE,FALSE,TRUE,FALSE
565,B,männlich,20,18,2.0,2,18,11,14,18,14,16,38,13,10,12,3.75,"Nein, ich schreibe die Klausur in diesem Semester zum ersten Mal.",etwas unterdurchschnittlich,Allgemeine Hochschulreife,Bachelor Primarstufe,3,TRUE,FALSE,FALSE,FALSE,FALSE
567,B,weiblich,19,22,1.8,13,17,13,9,16,12,17,38,13,8,10,5.5,"Nein, ich schreibe die Klausur in diesem Semester zum ersten Mal.",etwas unterdurchschnittlich,Allgemeine Hochschulreife,Bachelor Primarstufe,3,TRUE,FALSE,FALSE,TRUE,FALSE
568,B,weiblich,23,20,1.2,15,20,8,18,17,18,22,37,16,15,13,5.25,"Nein, ich schreibe die Klausur in diesem Semester zum ersten Mal.",etwas überdurchschnittlich,Allgemeine Hochschulreife,Bachelor Primarstufe,3,TRUE,FALSE,FALSE,TRUE,FALSE
569,A,männlich,20,15,2.5,10,19,13,11,14,12,12,35,24,16,20,5.25,"Nein, ich schreibe die Klausur in diesem Semester zum ersten Mal.",etwas überdurchschnittlich,Allgemeine Hochschulreife,Bachelor Sekundarstufe,3,TRUE,FALSE,FALSE,TRUE,FALSE
570,A,weiblich,30,12,3.1,9,13,13,20,20,13,26,36,24,23,26,3.75,"Nein, ich schreibe die Klausur in diesem Semester zum ersten Mal.",sehr unterdurchschnittlich,Allgemeine Hochschulreife,Bachelor Primarstufe,6,TRUE,FALSE,FALSE,FALSE,FALSE
572,A,weiblich,20,10,2.0,2,13,18,19,18,20,15,38,26,27,24,3.75,"Nein, ich schreibe die Klausur in diesem Semester zum ersten Mal.",etwas unterdurchschnittlich,Allgemeine Hochschulreife,Bachelor Primarstufe,3,TRUE,TRUE,FALSE,FALSE,FALSE
573,A,weiblich,22,14,2.5,7,15,16,16,12,20,22,32,20,23,26,4.25,"Nein, ich schreibe die Klausur in diesem Semester zum ersten Mal.",etwas unterdurchschnittlich,Allgemeine Hochschulreife,Bachelor Sekundarstufe,3,TRUE,FALSE,FALSE,FALSE,FALSE
574,A,weiblich,26,10,3.3,4,16,12,12,18,18,22,26,13,9,10,5.5,"Nein, ich schreibe die Klausur in diesem Semester zum ersten Mal.",etwas unterdurchschnittlich,Allgemeine Hochschulreife,Bachelor Primarstufe,3,FALSE,TRUE,FALSE,TRUE,FALSE
575,B,weiblich,21,20,1.9,6,18,13,18,19,8,16,40,20,17,11,3.75,"Nein, ich schreibe die Klausur in diesem Semester zum ersten Mal.",sehr überdurchschnittlich,Allgemeine Hochschulreife,Bachelor Primarstufe,3,TRUE,FALSE,FALSE,FALSE,FALSE
576,A,weiblich,21,20,1.7,15,11,4,16,20,4,28,32,10,20,28,2.5,"Nein, ich schreibe die Klausur in diesem Semester zum ersten Mal.",sehr unterdurchschnittlich,Allgemeine Hochschulreife,Bachelor Primarstufe,3,TRUE,FALSE,FALSE,FALSE,FALSE
577,A,weiblich,20,16,2.0,8,18,12,14,18,11,15,34,20,18,15,4.25,"Nein, ich schreibe die Klausur in diesem Semester zum ersten Mal.",etwas unterdurchschnittlich,Allgemeine Hochschulreife,Bachelor Primarstufe,3,TRUE,FALSE,FALSE,FALSE,FALSE
578,B,weiblich,21,12,1.0,15,11,16,10,14,10,33,35,31,25,24,5.25,"Nein, ich schreibe die Klausur in diesem Semester zum ersten Mal.",etwas unterdurchschnittlich,Allgemeine Hochschulreife,Bachelor Sekundarstufe,3,TRUE,FALSE,FALSE,TRUE,TRUE
580,A,weiblich,24,26,1.5,14,13,13,11,20,17,27,35,24,16,21,4.75,"Nein, ich schreibe die Klausur in diesem Semester zum ersten Mal.",etwas überdurchschnittlich,Allgemeine Hochschulreife,Bachelor Sekundarstufe,3,TRUE,FALSE,FALSE,FALSE,TRUE
581,A,männlich,19,22,1.6,14,19,18,13,19,19,21,34,28,24,22,3.75,"Nein, ich schreibe die Klausur in diesem Semester zum ersten Mal.",etwas unterdurchschnittlich,Allgemeine Hochschulreife,Bachelor Sekundarstufe,3,TRUE,FALSE,FALSE,TRUE,FALSE
582,A,weiblich,21,16,2.2,10,19,15,14,18,16,15,35,20,23,19,4,"Nein, ich schreibe die Klausur in diesem Semester zum ersten Mal.",sehr unterdurchschnittlich,Allgemeine Hochschulreife,Bachelor Primarstufe,3,TRUE,FALSE,FALSE,FALSE,FALSE
615,A,weiblich,19,18,1.0,14,20,14,19,19,17,21,32,22,19,23,2,"Nein, ich schreibe die Klausur in diesem Semester zum ersten Mal.",etwas unterdurchschnittlich,Allgemeine Hochschulreife,Bachelor Primarstufe,3,FALSE,TRUE,FALSE,TRUE,FALSE
617,A,weiblich,21,3,3.1,2,11,17,18,15,19,30,31,17,16,21,1.75,"Nein, ich schreibe die Klausur in diesem Semester zum ersten Mal.",etwas unterdurchschnittlich,Allgemeine Hochschulreife,Bachelor Pädagogogik der Kindheit,5,FALSE,FALSE,FALSE,TRUE,FALSE
619,A,weiblich,27,7,2.6,NA,17,11,15,21,20,32,26,11,12,13,6.25,"Nein, ich schreibe die Klausur in diesem Semester zum ersten Mal.",etwas überdurchschnittlich,Allgemeine Hochschulreife,Bachelor Primarstufe,7,FALSE,FALSE,FALSE,TRUE,FALSE
622,B,weiblich,20,16,2.2,11,17,13,11,19,13,16,34,20,19,17,5.25,"Nein, ich schreibe die Klausur in diesem Semester zum ersten Mal.",etwas unterdurchschnittlich,Allgemeine Hochschulreife,Bachelor Primarstufe,3,TRUE,FALSE,FALSE,FALSE,FALSE
624,A,weiblich,19,14,2.1,14,14,11,12,20,11,18,31,8,8,8,4.5,"Nein, ich schreibe die Klausur in diesem Semester zum ersten Mal.",etwas unterdurchschnittlich,Allgemeine Hochschulreife,Bachelor Primarstufe,3,TRUE,FALSE,FALSE,FALSE,FALSE
627,A,weiblich,19,14,2.0,12,20,18,17,20,12,20,38,16,8,10,4,"Nein, ich schreibe die Klausur in diesem Semester zum ersten Mal.",etwas unterdurchschnittlich,Allgemeine Hochschulreife,Bachelor Primarstufe,3,TRUE,FALSE,FALSE,TRUE,FALSE
629,B,weiblich,20,23,2.3,7,16,7,17,14,15,21,35,16,20,22,1.75,"Nein, ich schreibe die Klausur in diesem Semester zum ersten Mal.",sehr unterdurchschnittlich,Allgemeine Hochschulreife,Bachelor Europalehramt Primarstufe,3,TRUE,FALSE,FALSE,TRUE,FALSE
631,B,weiblich,20,7,1.8,10,16,21,12,14,12,23,29,23,16,36,2.25,"Nein, ich schreibe die Klausur in diesem Semester zum ersten Mal.",etwas unterdurchschnittlich,Allgemeine Hochschulreife,Bachelor Primarstufe,3,TRUE,FALSE,FALSE,TRUE,FALSE
634,B,weiblich,20,8,2.5,4,14,20,16,19,17,31,32,22,15,29,4,"Nein, ich schreibe die Klausur in diesem Semester zum ersten Mal.",sehr unterdurchschnittlich,Allgemeine Hochschulreife,Bachelor Primarstufe,3,TRUE,FALSE,FALSE,TRUE,FALSE
635,A,weiblich,21,10,3.3,1,16,19,16,17,21,21,23,10,17,19,2.5,"Nein, ich schreibe die Klausur in diesem Semester zum ersten Mal.",sehr überdurchschnittlich,Allgemeine Hochschulreife,Bachelor Primarstufe,3,TRUE,FALSE,FALSE,TRUE,FALSE
642,A,männlich,27,9,3.0,3,11,20,12,18,15,30,35,26,26,17,4,"Nein, ich schreibe die Klausur in diesem Semester zum ersten Mal.",etwas unterdurchschnittlich,Allgemeine Hochschulreife,Master Sekundarstufe,3,FALSE,FALSE,FALSE,TRUE,TRUE
643,A,weiblich,25,10,3.5,NA,18,19,13,15,16,28,38,27,22,21,5.75,"Nein, ich schreibe die Klausur in diesem Semester zum ersten Mal.",etwas unterdurchschnittlich,Allgemeine Hochschulreife,Bachelor Primarstufe,3,FALSE,FALSE,FALSE,TRUE,FALSE
645,B,weiblich,19,16,2.3,10,14,13,17,14,14,31,21,14,16,17,3,"Nein, ich schreibe die Klausur in diesem Semester zum ersten Mal.",etwas unterdurchschnittlich,Allgemeine Hochschulreife,Bachelor Europalehramt Primarstufe,3,TRUE,FALSE,FALSE,FALSE,FALSE
647,B,weiblich,23,12,2.6,6,13,20,17,11,19,17,35,15,9,20,4,"Nein, ich schreibe die Klausur in diesem Semester zum ersten Mal.",etwas unterdurchschnittlich,Allgemeine Hochschulreife,Bachelor Primarstufe,3,TRUE,FALSE,FALSE,TRUE,FALSE
648,B,weiblich,21,9,2.8,NA,15,20,15,20,15,25,35,22,19,20,2.25,"Nein, ich schreibe die Klausur in diesem Semester zum ersten Mal.",etwas unterdurchschnittlich,Allgemeine Hochschulreife,Bachelor Primarstufe,3,TRUE,TRUE,FALSE,TRUE,FALSE
651,B,weiblich,21,18,2.5,6,19,20,15,17,15,16,32,25,9,8,4.5,"Nein, ich schreibe die Klausur in diesem Semester zum ersten Mal.",etwas unterdurchschnittlich,Allgemeine Hochschulreife,Bachelor Primarstufe,3,FALSE,FALSE,FALSE,TRUE,FALSE
652,A,weiblich,27,11,2.6,2,16,17,12,21,17,29,37,18,12,9,4.25,"Ja, ich habe bereits an der Klausur teilgenommen.",etwas unterdurchschnittlich,Allgemeine Hochschulreife,Bachelor Primarstufe,7,TRUE,FALSE,FALSE,TRUE,FALSE
654,B,weiblich,29,15,3.1,10,14,11,14,16,11,25,33,25,30,26,4,"Nein, ich schreibe die Klausur in diesem Semester zum ersten Mal.",sehr unterdurchschnittlich,Allgemeine Hochschulreife,Bachelor Primarstufe,3,TRUE,TRUE,FALSE,TRUE,FALSE
656,B,weiblich,20,30,2.2,4,14,13,16,15,17,29,37,22,22,17,3.25,"Nein, ich schreibe die Klausur in diesem Semester zum ersten Mal.",etwas unterdurchschnittlich,Allgemeine Hochschulreife,Bachelor Primarstufe,3,TRUE,FALSE,FALSE,TRUE,FALSE
667,A,weiblich,24,8,2.9,1,15,14,21,14,15,25,37,21,33,20,5,"Nein, ich schreibe die Klausur in diesem Semester zum ersten Mal.",sehr unterdurchschnittlich,Allgemeine Hochschulreife,Bachelor Primarstufe,3,FALSE,FALSE,FALSE,TRUE,FALSE
668,A,weiblich,20,16,2.0,8,18,14,15,15,16,17,38,28,26,15,4.75,"Nein, ich schreibe die Klausur in diesem Semester zum ersten Mal.",etwas unterdurchschnittlich,Allgemeine Hochschulreife,Bachelor Primarstufe,3,TRUE,FALSE,FALSE,FALSE,FALSE
670,B,weiblich,20,16,1.8,12,18,16,15,17,16,13,39,21,22,15,3.75,"Nein, ich schreibe die Klausur in diesem Semester zum ersten Mal.",sehr unterdurchschnittlich,Allgemeine Hochschulreife,Bachelor Primarstufe,3,TRUE,FALSE,FALSE,FALSE,TRUE
671,A,weiblich,34,10,1.6,NA,19,13,10,18,20,21,40,19,10,10,6.25,"Nein, ich schreibe die Klausur in diesem Semester zum ersten Mal.",etwas überdurchschnittlich,keine; die Zulassung erfolgte durch Eignungs- oder eine Begabtenprüfung,Bachelor Sekundarstufe,3,FALSE,FALSE,TRUE,FALSE,TRUE
672,B,weiblich,21,16,2.9,6,16,20,8,20,21,29,36,15,17,18,4.75,"Nein, ich schreibe die Klausur in diesem Semester zum ersten Mal.",etwas unterdurchschnittlich,Allgemeine Hochschulreife,Bachelor Europalehramt Sekundarstufe,5,FALSE,TRUE,FALSE,FALSE,FALSE
674,A,männlich,31,6,2.7,2,16,9,12,18,14,26,36,30,22,24,3.5,"Nein, ich schreibe die Klausur in diesem Semester zum ersten Mal.",etwas unterdurchschnittlich,Allgemeine Hochschulreife,Bachelor Sekundarstufe,6,FALSE,FALSE,FALSE,FALSE,FALSE
675,B,weiblich,20,18,2.7,9,15,14,21,20,16,25,37,14,11,30,4,"Nein, ich schreibe die Klausur in diesem Semester zum ersten Mal.",etwas unterdurchschnittlich,Allgemeine Hochschulreife,Bachelor Primarstufe,3,TRUE,FALSE,FALSE,TRUE,FALSE
676,B,weiblich,19,12,1.7,NA,15,21,9,13,18,14,32,24,33,24,4,"Nein, ich schreibe die Klausur in diesem Semester zum ersten Mal.",sehr unterdurchschnittlich,Allgemeine Hochschulreife,Bachelor Europalehramt Primarstufe,3,TRUE,FALSE,FALSE,TRUE,FALSE
678,B,männlich,31,10,3.4,1,15,10,17,19,14,26,35,17,12,17,5.5,"Nein, ich schreibe die Klausur in diesem Semester zum ersten Mal.",sehr unterdurchschnittlich,Allgemeine Hochschulreife,Bachelor Sekundarstufe,5,FALSE,FALSE,FALSE,TRUE,FALSE
679,B,weiblich,20,18,2.3,6,14,9,19,20,19,29,37,16,21,17,3.5,"Nein, ich schreibe die Klausur in diesem Semester zum ersten Mal.",etwas unterdurchschnittlich,Allgemeine Hochschulreife,Bachelor Europalehramt Primarstufe,3,TRUE,TRUE,FALSE,TRUE,FALSE
680,A,weiblich,20,19,3.0,NA,16,16,18,21,16,24,34,27,22,21,4,"Nein, ich schreibe die Klausur in diesem Semester zum ersten Mal.",etwas unterdurchschnittlich,Allgemeine Hochschulreife,Bachelor Primarstufe,3,TRUE,FALSE,FALSE,FALSE,FALSE
685,B,männlich,22,24,1.9,9,18,18,7,17,12,21,39,15,9,15,5,"Nein, ich schreibe die Klausur in diesem Semester zum ersten Mal.",etwas unterdurchschnittlich,Allgemeine Hochschulreife,Bachelor Sekundarstufe,3,TRUE,FALSE,FALSE,FALSE,FALSE
686,B,weiblich,22,5,2.5,7,10,16,11,20,11,25,30,18,17,14,2.75,"Nein, ich schreibe die Klausur in diesem Semester zum ersten Mal.",sehr unterdurchschnittlich,Allgemeine Hochschulreife,Bachelor Primarstufe,3,TRUE,TRUE,TRUE,FALSE,FALSE
688,B,weiblich,21,10,3.0,2,14,13,16,18,17,26,34,20,16,19,3.5,"Nein, ich schreibe die Klausur in diesem Semester zum ersten Mal.",sehr unterdurchschnittlich,Allgemeine Hochschulreife,Bachelor Primarstufe,3,TRUE,FALSE,FALSE,TRUE,FALSE
689,A,weiblich,22,13,2,5,19,18,11,18,10,17,25,15,14,24,4,"Nein, ich schreibe die Klausur in diesem Semester zum ersten Mal.",etwas unterdurchschnittlich,Fachgebundene Hochschulreife,Bachelor Sekundarstufe,4,FALSE,FALSE,FALSE,TRUE,FALSE
690,A,weiblich,23,20,3.0,7,16,13,15,20,14,28,30,15,15,20,3.25,"Nein, ich schreibe die Klausur in diesem Semester zum ersten Mal.",etwas unterdurchschnittlich,Allgemeine Hochschulreife,Bachelor Primarstufe,4,TRUE,FALSE,FALSE,TRUE,FALSE
691,B,männlich,19,21,2.0,9,15,15,9,20,11,25,39,17,24,17,3.75,"Nein, ich schreibe die Klausur in diesem Semester zum ersten Mal.",etwas überdurchschnittlich,Allgemeine Hochschulreife,Bachelor Sekundarstufe,3,TRUE,FALSE,FALSE,FALSE,FALSE
692,A,weiblich,20,10,2.5,6,17,20,18,19,17,28,30,23,28,31,2.75,"Nein, ich schreibe die Klausur in diesem Semester zum ersten Mal.",sehr unterdurchschnittlich,Allgemeine Hochschulreife,Bachelor Primarstufe,3,TRUE,TRUE,FALSE,FALSE,FALSE
694,B,weiblich,20,16,2.0,7,18,16,12,16,9,12,33,22,16,16,4.5,"Nein, ich schreibe die Klausur in diesem Semester zum ersten Mal.",etwas unterdurchschnittlich,Allgemeine Hochschulreife,Bachelor Primarstufe,3,TRUE,FALSE,FALSE,TRUE,FALSE
695,A,männlich,21,16,2.3,14,7,16,11,13,13,29,34,22,17,24,4.25,"Nein, ich schreibe die Klausur in diesem Semester zum ersten Mal.",etwas unterdurchschnittlich,Allgemeine Hochschulreife,Bachelor Primarstufe,3,TRUE,FALSE,FALSE,FALSE,FALSE
696,B,männlich,24,7,1.7,7,15,15,17,14,14,17,35,22,32,24,4.5,"Nein, ich schreibe die Klausur in diesem Semester zum ersten Mal.",etwas überdurchschnittlich,Allgemeine Hochschulreife,Bachelor Primarstufe,3,TRUE,FALSE,FALSE,TRUE,FALSE
697,B,weiblich,20,30,1.8,12,14,16,16,18,16,23,30,22,21,30,2.75,"Nein, ich schreibe die Klausur in diesem Semester zum ersten Mal.",etwas unterdurchschnittlich,Allgemeine Hochschulreife,Bachelor Primarstufe,3,TRUE,FALSE,FALSE,TRUE,FALSE
699,B,NA,NA,NA,NA,NA,NA,NA,NA,NA,NA,NA,NA,NA,NA,NA,NA,NA,NA,NA,NA,NA,NA,NA,NA,NA,NA
700,B,weiblich,20,22,1.8,7,17,20,13,19,14,24,36,22,10,9,3.25,"Nein, ich schreibe die Klausur in diesem Semester zum ersten Mal.",etwas unterdurchschnittlich,Allgemeine Hochschulreife,Bachelor Sekundarstufe,3,TRUE,FALSE,FALSE,FALSE,FALSE
702,A,weiblich,21,12,1.7,9,14,20,9,11,13,26,35,12,21,21,3.5,"Nein, ich schreibe die Klausur in diesem Semester zum ersten Mal.",etwas unterdurchschnittlich,Allgemeine Hochschulreife,Bachelor Sekundarstufe,3,FALSE,TRUE,FALSE,TRUE,FALSE
703,A,weiblich,19,9,1.4,13,16,16,13,16,12,16,23,16,15,15,2.75,"Nein, ich schreibe die Klausur in diesem Semester zum ersten Mal.",etwas unterdurchschnittlich,Allgemeine Hochschulreife,Bachelor Primarstufe,3,TRUE,FALSE,FALSE,TRUE,FALSE
704,B,weiblich,20,14,2.2,9,19,11,10,19,13,23,31,23,32,23,2.5,"Nein, ich schreibe die Klausur in diesem Semester zum ersten Mal.",etwas unterdurchschnittlich,Allgemeine Hochschulreife,Bachelor Primarstufe,3,TRUE,FALSE,FALSE,FALSE,FALSE
705,B,weiblich,20,13,1.1,14,19,11,15,18,17,14,34,17,19,15,5,"Nein, ich schreibe die Klausur in diesem Semester zum ersten Mal.",etwas überdurchschnittlich,Allgemeine Hochschulreife,Bachelor Primarstufe,3,TRUE,FALSE,FALSE,TRUE,FALSE
706,B,weiblich,21,18,2.0,9,16,16,15,15,13,20,35,25,25,20,4.25,"Nein, ich schreibe die Klausur in diesem Semester zum ersten Mal.",etwas überdurchschnittlich,Allgemeine Hochschulreife,Bachelor Primarstufe,3,TRUE,FALSE,FALSE,TRUE,FALSE
708,A,weiblich,21,NA,NA,NA,17,18,13,16,20,28,30,18,18,22,5,NA,NA,NA,NA,NA,NA,NA,NA,NA,NA
709,B,weiblich,28,20,2.5,5,13,12,15,14,15,20,35,20,20,10,2.75,"Nein, ich schreibe die Klausur in diesem Semester zum ersten Mal.",etwas überdurchschnittlich,Allgemeine Hochschulreife,Bachelor Sekundarstufe,3,TRUE,FALSE,FALSE,TRUE,FALSE
710,A,weiblich,20,19,2.2,7,18,15,17,20,13,25,40,16,12,11,4.5,"Nein, ich schreibe die Klausur in diesem Semester zum ersten Mal.",etwas unterdurchschnittlich,Allgemeine Hochschulreife,Bachelor Primarstufe,3,TRUE,TRUE,FALSE,TRUE,FALSE
711,A,weiblich,20,18,2.2,8,18,14,10,16,9,18,31,21,15,15,4.5,"Nein, ich schreibe die Klausur in diesem Semester zum ersten Mal.",etwas unterdurchschnittlich,Allgemeine Hochschulreife,Bachelor Primarstufe,3,TRUE,FALSE,FALSE,TRUE,FALSE
713,A,weiblich,20,20,1.7,5,13,16,16,18,15,26,33,21,18,18,5,"Nein, ich schreibe die Klausur in diesem Semester zum ersten Mal.",etwas überdurchschnittlich,Allgemeine Hochschulreife,Bachelor Sekundarstufe,3,TRUE,FALSE,FALSE,TRUE,FALSE
714,B,weiblich,24,6,3.3,4,12,15,19,16,17,25,35,20,19,17,3.5,"Nein, ich schreibe die Klausur in diesem Semester zum ersten Mal.",etwas unterdurchschnittlich,Allgemeine Hochschulreife,Bachelor Primarstufe,3,TRUE,FALSE,FALSE,TRUE,FALSE
715,A,weiblich,22,18,1.9,7,20,18,16,20,13,17,34,21,22,19,3.75,"Nein, ich schreibe die Klausur in diesem Semester zum ersten Mal.",etwas unterdurchschnittlich,Allgemeine Hochschulreife,Bachelor Sekundarstufe,3,TRUE,FALSE,FALSE,TRUE,FALSE
716,B,weiblich,20,16,1.9,14,17,19,15,19,19,24,37,28,14,16,5.75,"Nein, ich schreibe die Klausur in diesem Semester zum ersten Mal.",etwas überdurchschnittlich,Allgemeine Hochschulreife,Bachelor Primarstufe,3,TRUE,FALSE,FALSE,TRUE,FALSE
717,B,weiblich,21,12,2.0,7,19,16,10,13,11,18,38,23,28,17,3.75,"Nein, ich schreibe die Klausur in diesem Semester zum ersten Mal.",etwas unterdurchschnittlich,Allgemeine Hochschulreife,Bachelor Primarstufe,3,TRUE,FALSE,FALSE,TRUE,TRUE
718,B,weiblich,26,30,3.1,6,14,10,9,16,14,29,27,18,16,18,2.75,"Nein, ich schreibe die Klausur in diesem Semester zum ersten Mal.",etwas unterdurchschnittlich,Allgemeine Hochschulreife,Bachelor Europalehramt Primarstufe,1,FALSE,TRUE,FALSE,FALSE,FALSE
720,A,weiblich,20,18,1.7,9,15,21,15,14,19,30,29,19,13,21,2.25,"Nein, ich schreibe die Klausur in diesem Semester zum ersten Mal.",etwas unterdurchschnittlich,Allgemeine Hochschulreife,Bachelor Primarstufe,3,TRUE,FALSE,FALSE,FALSE,FALSE
722,B,weiblich,20,20,2.7,0,17,14,10,20,12,20,38,22,11,12,3,"Nein, ich schreibe die Klausur in diesem Semester zum ersten Mal.",etwas überdurchschnittlich,Allgemeine Hochschulreife,Bachelor Sekundarstufe,5,TRUE,FALSE,FALSE,TRUE,FALSE
724,B,weiblich,20,16,2.4,6,10,16,15,15,14,29,30,19,15,17,4,"Nein, ich schreibe die Klausur in diesem Semester zum ersten Mal.",sehr unterdurchschnittlich,Allgemeine Hochschulreife,Bachelor Primarstufe,3,TRUE,FALSE,FALSE,TRUE,FALSE
725,B,weiblich,20,12,2.6,8,16,20,8,18,14,22,38,16,15,17,3.5,"Nein, ich schreibe die Klausur in diesem Semester zum ersten Mal.",etwas unterdurchschnittlich,Allgemeine Hochschulreife,Bachelor Primarstufe,3,TRUE,FALSE,FALSE,TRUE,FALSE
726,B,weiblich,23,13,3.3,9,13,20,13,12,16,14,31,21,22,22,3.75,"Nein, ich schreibe die Klausur in diesem Semester zum ersten Mal.",sehr unterdurchschnittlich,Fachgebundene Hochschulreife,Bachelor Sekundarstufe,3,TRUE,FALSE,TRUE,TRUE,FALSE
727,A,weiblich,20,12,1.9,8,18,16,13,17,15,17,36,27,24,19,4.5,"Nein, ich schreibe die Klausur in diesem Semester zum ersten Mal.",sehr unterdurchschnittlich,Allgemeine Hochschulreife,Bachelor Sekundarstufe,3,TRUE,FALSE,FALSE,TRUE,FALSE
729,A,weiblich,23,11,1.8,12,18,20,11,20,15,24,39,18,13,17,4,"Nein, ich schreibe die Klausur in diesem Semester zum ersten Mal.",etwas unterdurchschnittlich,Allgemeine Hochschulreife,Bachelor Sekundarstufe,3,FALSE,FALSE,FALSE,TRUE,FALSE
731,B,weiblich,20,22,1.9,8,20,19,14,17,21,10,39,35,33,21,4,"Nein, ich schreibe die Klausur in diesem Semester zum ersten Mal.",etwas überdurchschnittlich,Allgemeine Hochschulreife,Bachelor Primarstufe,3,TRUE,TRUE,FALSE,FALSE,FALSE
732,B,weiblich,20,20,2.3,10,12,19,14,17,21,24,31,9,10,30,3.5,"Nein, ich schreibe die Klausur in diesem Semester zum ersten Mal.",etwas unterdurchschnittlich,Allgemeine Hochschulreife,Bachelor Primarstufe,3,TRUE,FALSE,FALSE,TRUE,FALSE
733,B,weiblich,21,16,2.1,8,14,17,17,18,14,27,35,24,30,22,3,"Nein, ich schreibe die Klausur in diesem Semester zum ersten Mal.",etwas überdurchschnittlich,Allgemeine Hochschulreife,Bachelor Primarstufe,3,TRUE,FALSE,FALSE,TRUE,FALSE
734,B,weiblich,20,9,2.1,7,18,20,11,15,10,22,34,19,14,15,4.5,"Nein, ich schreibe die Klausur in diesem Semester zum ersten Mal.",etwas unterdurchschnittlich,Allgemeine Hochschulreife,Bachelor Primarstufe,3,TRUE,FALSE,FALSE,FALSE,FALSE
735,B,männlich,24,16,2.2,13,15,15,7,21,18,19,32,16,19,19,4.25,"Nein, ich schreibe die Klausur in diesem Semester zum ersten Mal.",etwas unterdurchschnittlich,Allgemeine Hochschulreife,Bachelor Sekundarstufe,2,FALSE,FALSE,FALSE,TRUE,FALSE
736,B,weiblich,20,16,1.8,10,16,16,16,19,13,26,34,20,16,17,4.5,"Nein, ich schreibe die Klausur in diesem Semester zum ersten Mal.",etwas unterdurchschnittlich,Allgemeine Hochschulreife,Bachelor Primarstufe,3,TRUE,FALSE,FALSE,FALSE,FALSE
737,B,männlich,20,15,3.0,NA,18,16,18,18,17,18,30,23,27,23,5.25,"Nein, ich schreibe die Klausur in diesem Semester zum ersten Mal.",etwas unterdurchschnittlich,Allgemeine Hochschulreife,Bachelor Primarstufe,3,FALSE,FALSE,FALSE,FALSE,FALSE
738,A,weiblich,22,20,1.2,NA,16,16,12,20,19,25,38,19,17,12,5.25,"Nein, ich schreibe die Klausur in diesem Semester zum ersten Mal.",etwas unterdurchschnittlich,Fachhochschulreife,Bachelor Primarstufe,3,FALSE,TRUE,FALSE,TRUE,FALSE
740,B,weiblich,20,9,2.2,7,20,8,13,19,11,19,30,19,15,13,2.5,"Nein, ich schreibe die Klausur in diesem Semester zum ersten Mal.",sehr unterdurchschnittlich,Allgemeine Hochschulreife,Bachelor Primarstufe,3,TRUE,TRUE,FALSE,TRUE,FALSE
741,A,weiblich,20,20,2.6,5,17,21,9,16,19,22,34,20,21,18,5,"Nein, ich schreibe die Klausur in diesem Semester zum ersten Mal.",etwas unterdurchschnittlich,Allgemeine Hochschulreife,Bachelor Primarstufe,3,FALSE,FALSE,FALSE,FALSE,FALSE
742,A,weiblich,20,10,1.6,9,17,17,14,18,16,27,33,19,16,13,5.5,"Nein, ich schreibe die Klausur in diesem Semester zum ersten Mal.",etwas unterdurchschnittlich,Allgemeine Hochschulreife,Bachelor Primarstufe,3,TRUE,FALSE,FALSE,TRUE,TRUE
743,A,weiblich,20,11,2.2,3,13,16,14,16,13,27,27,22,23,25,4,"Nein, ich schreibe die Klausur in diesem Semester zum ersten Mal.",etwas unterdurchschnittlich,Allgemeine Hochschulreife,Bachelor Primarstufe,3,TRUE,FALSE,FALSE,TRUE,FALSE
744,A,männlich,27,17,3.0,NA,11,6,13,21,13,31,29,12,18,29,3,"Nein, ich schreibe die Klausur in diesem Semester zum ersten Mal.",etwas unterdurchschnittlich,Allgemeine Hochschulreife,Bachelor Sekundarstufe,3,TRUE,FALSE,FALSE,TRUE,FALSE
746,B,weiblich,23,20,1.7,12,17,16,15,20,19,30,37,24,26,20,5.25,"Nein, ich schreibe die Klausur in diesem Semester zum ersten Mal.",etwas überdurchschnittlich,Allgemeine Hochschulreife,Bachelor Primarstufe,4,TRUE,TRUE,FALSE,TRUE,FALSE
747,A,weiblich,26,9,2.7,NA,13,15,15,20,17,17,36,19,9,18,3.75,"Nein, ich schreibe die Klausur in diesem Semester zum ersten Mal.",etwas unterdurchschnittlich,Allgemeine Hochschulreife,Bachelor Primarstufe,3,TRUE,FALSE,FALSE,TRUE,FALSE
748,A,weiblich,45,12,3.0,NA,20,19,7,17,18,17,32,19,11,24,5.75,"Nein, ich schreibe die Klausur in diesem Semester zum ersten Mal.",etwas unterdurchschnittlich,Fachgebundene Hochschulreife,Bachelor Primarstufe,3,FALSE,FALSE,TRUE,FALSE,TRUE
749,A,weiblich,21,10,2.2,8,14,20,16,20,14,29,37,14,16,19,3.75,"Nein, ich schreibe die Klausur in diesem Semester zum ersten Mal.",etwas unterdurchschnittlich,Allgemeine Hochschulreife,Bachelor Primarstufe,3,TRUE,FALSE,FALSE,FALSE,FALSE
750,A,weiblich,19,24,2.6,9,21,13,21,21,14,9,40,19,10,11,5.5,"Nein, ich schreibe die Klausur in diesem Semester zum ersten Mal.",etwas unterdurchschnittlich,Allgemeine Hochschulreife,Bachelor Primarstufe,3,TRUE,FALSE,FALSE,TRUE,FALSE
752,A,weiblich,20,15,1.8,12,15,21,18,15,21,17,40,24,11,15,4.75,"Nein, ich schreibe die Klausur in diesem Semester zum ersten Mal.",etwas unterdurchschnittlich,Allgemeine Hochschulreife,Bachelor Primarstufe,3,TRUE,FALSE,FALSE,TRUE,TRUE
753,A,weiblich,21,20,2.0,5,18,17,9,19,11,18,32,20,18,21,3.75,"Nein, ich schreibe die Klausur in diesem Semester zum ersten Mal.",etwas unterdurchschnittlich,Allgemeine Hochschulreife,Bachelor Sekundarstufe,3,TRUE,FALSE,FALSE,TRUE,FALSE
754,B,weiblich,23,20,2.9,6,14,8,15,18,18,30,30,14,17,26,4.25,"Nein, ich schreibe die Klausur in diesem Semester zum ersten Mal.",etwas unterdurchschnittlich,Allgemeine Hochschulreife,Bachelor Primarstufe,5,TRUE,FALSE,FALSE,TRUE,FALSE
755,B,weiblich,20,15,2.0,12,17,21,13,20,12,22,28,16,22,27,2.5,"Nein, ich schreibe die Klausur in diesem Semester zum ersten Mal.",etwas unterdurchschnittlich,Allgemeine Hochschulreife,Bachelor Primarstufe,3,TRUE,TRUE,FALSE,TRUE,FALSE
756,B,männlich,21,22,2.5,10,11,7,14,17,16,36,34,8,20,23,6.25,"Nein, ich schreibe die Klausur in diesem Semester zum ersten Mal.",etwas unterdurchschnittlich,Allgemeine Hochschulreife,Bachelor Sekundarstufe,3,TRUE,FALSE,FALSE,TRUE,FALSE
757,A,weiblich,22,16,2.8,0,13,16,19,18,11,31,35,32,28,17,5,"Nein, ich schreibe die Klausur in diesem Semester zum ersten Mal.",etwas unterdurchschnittlich,Allgemeine Hochschulreife,Bachelor Primarstufe,3,TRUE,FALSE,FALSE,TRUE,FALSE
758,A,weiblich,20,15,2.5,9,15,20,6,16,13,18,35,19,15,14,5,"Nein, ich schreibe die Klausur in diesem Semester zum ersten Mal.",etwas unterdurchschnittlich,Allgemeine Hochschulreife,Bachelor Primarstufe,3,TRUE,FALSE,FALSE,FALSE,TRUE
759,A,männlich,23,5,2.6,4,7,8,16,17,10,33,25,18,24,29,2,"Nein, ich schreibe die Klausur in diesem Semester zum ersten Mal.",etwas unterdurchschnittlich,Allgemeine Hochschulreife,Bachelor Sekundarstufe,3,TRUE,FALSE,FALSE,FALSE,TRUE
760,A,männlich,21,16,2.5,10,17,19,12,16,16,25,34,22,15,26,4,"Nein, ich schreibe die Klausur in diesem Semester zum ersten Mal.",etwas unterdurchschnittlich,Allgemeine Hochschulreife,Bachelor Sekundarstufe,3,TRUE,TRUE,FALSE,FALSE,FALSE
761,B,männlich,19,14,1.7,9,14,15,14,15,13,21,32,13,26,23,4.5,"Nein, ich schreibe die Klausur in diesem Semester zum ersten Mal.",etwas unterdurchschnittlich,Allgemeine Hochschulreife,Bachelor Primarstufe,3,TRUE,FALSE,FALSE,FALSE,FALSE
762,B,weiblich,20,16,1.5,7,11,18,10,18,19,22,31,17,21,25,5.25,"Nein, ich schreibe die Klausur in diesem Semester zum ersten Mal.",etwas unterdurchschnittlich,Allgemeine Hochschulreife,Bachelor Primarstufe,3,TRUE,FALSE,FALSE,TRUE,FALSE
763,A,männlich,21,20,1.8,7,14,15,18,17,16,19,32,25,24,22,5.25,"Nein, ich schreibe die Klausur in diesem Semester zum ersten Mal.",etwas unterdurchschnittlich,Allgemeine Hochschulreife,Bachelor Sekundarstufe,3,FALSE,FALSE,FALSE,FALSE,FALSE
764,A,weiblich,21,12,2.0,4,12,15,19,18,21,30,31,15,16,15,4.5,"Nein, ich schreibe die Klausur in diesem Semester zum ersten Mal.",etwas unterdurchschnittlich,Allgemeine Hochschulreife,Bachelor Europalehramt Primarstufe,3,TRUE,FALSE,FALSE,FALSE,TRUE
765,B,weiblich,20,24,1.9,9,19,12,18,18,12,19,28,26,27,17,2.5,"Nein, ich schreibe die Klausur in diesem Semester zum ersten Mal.",etwas unterdurchschnittlich,Allgemeine Hochschulreife,Bachelor Primarstufe,3,FALSE,FALSE,FALSE,TRUE,TRUE
766,B,weiblich,21,18,3.0,1,20,18,17,20,17,15,36,33,32,16,4.25,"Nein, ich schreibe die Klausur in diesem Semester zum ersten Mal.",sehr unterdurchschnittlich,Allgemeine Hochschulreife,Bachelor Primarstufe,3,FALSE,FALSE,FALSE,TRUE,FALSE
767,B,weiblich,25,24,2.4,5,16,17,19,17,14,24,32,18,24,31,4.5,"Nein, ich schreibe die Klausur in diesem Semester zum ersten Mal.",etwas unterdurchschnittlich,Allgemeine Hochschulreife,Bachelor Primarstufe,3,FALSE,FALSE,FALSE,TRUE,FALSE
768,B,männlich,22,12,2.7,6,12,20,10,17,16,31,36,21,25,15,5.25,"Nein, ich schreibe die Klausur in diesem Semester zum ersten Mal.",etwas unterdurchschnittlich,Allgemeine Hochschulreife,Bachelor Sekundarstufe,3,TRUE,FALSE,FALSE,TRUE,FALSE
769,A,weiblich,21,20,2.5,5,15,19,18,18,12,21,36,21,19,20,4.25,"Nein, ich schreibe die Klausur in diesem Semester zum ersten Mal.",etwas unterdurchschnittlich,Allgemeine Hochschulreife,Bachelor Sekundarstufe,3,TRUE,FALSE,FALSE,TRUE,FALSE
770,B,weiblich,23,9,3.0,2,12,17,17,17,15,25,33,21,20,14,2.5,"Nein, ich schreibe die Klausur in diesem Semester zum ersten Mal.",etwas unterdurchschnittlich,Allgemeine Hochschulreife,Bachelor Primarstufe,3,TRUE,FALSE,FALSE,FALSE,TRUE
771,A,divers,19,24,1.8,9,11,20,12,19,18,35,24,22,39,39,1.75,"Nein, ich schreibe die Klausur in diesem Semester zum ersten Mal.",etwas unterdurchschnittlich,Allgemeine Hochschulreife,Bachelor Primarstufe,3,TRUE,FALSE,FALSE,FALSE,FALSE
772,A,weiblich,25,9,3.1,NA,10,16,13,21,16,27,33,23,25,27,2.5,"Nein, ich schreibe die Klausur in diesem Semester zum ersten Mal.",etwas unterdurchschnittlich,Allgemeine Hochschulreife,Bachelor Sekundarstufe,3,TRUE,FALSE,FALSE,TRUE,FALSE
773,A,männlich,22,20,2.6,10,15,20,16,15,15,20,33,18,9,11,5.25,"Nein, ich schreibe die Klausur in diesem Semester zum ersten Mal.",etwas überdurchschnittlich,Allgemeine Hochschulreife,Bachelor Sekundarstufe,2,TRUE,FALSE,FALSE,FALSE,FALSE
774,A,weiblich,21,10,1.7,9,18,14,13,18,15,19,38,13,14,15,4.75,"Nein, ich schreibe die Klausur in diesem Semester zum ersten Mal.",sehr unterdurchschnittlich,Allgemeine Hochschulreife,Bachelor Primarstufe,3,FALSE,FALSE,FALSE,FALSE,FALSE
775,B,weiblich,23,20,1.3,11,18,9,12,14,16,21,33,23,20,16,5.75,"Nein, ich schreibe die Klausur in diesem Semester zum ersten Mal.",etwas überdurchschnittlich,Allgemeine Hochschulreife,Bachelor Primarstufe,3,FALSE,TRUE,FALSE,TRUE,FALSE
776,B,männlich,22,18,2.6,6,14,16,6,15,15,22,31,21,21,27,5.25,"Nein, ich schreibe die Klausur in diesem Semester zum ersten Mal.",etwas unterdurchschnittlich,Allgemeine Hochschulreife,Bachelor Primarstufe,3,TRUE,FALSE,FALSE,FALSE,FALSE
777,B,weiblich,21,14,2.0,2,18,16,19,18,11,21,27,19,23,21,3.75,"Nein, ich schreibe die Klausur in diesem Semester zum ersten Mal.",etwas unterdurchschnittlich,Allgemeine Hochschulreife,Bachelor Primarstufe,3,TRUE,FALSE,FALSE,TRUE,FALSE
778,B,weiblich,26,20,2.0,NA,18,19,10,18,17,18,37,11,12,14,5,"Nein, ich schreibe die Klausur in diesem Semester zum ersten Mal.",etwas unterdurchschnittlich,Fachhochschulreife,Bachelor Sekundarstufe,3,TRUE,FALSE,FALSE,TRUE,FALSE
779,A,weiblich,23,18,2.0,12,16,12,16,18,11,27,33,27,26,26,4,"Nein, ich schreibe die Klausur in diesem Semester zum ersten Mal.",etwas überdurchschnittlich,Allgemeine Hochschulreife,Bachelor Primarstufe,5,TRUE,FALSE,FALSE,TRUE,FALSE
780,B,männlich,24,30,3.4,4,13,15,12,20,15,27,30,25,27,26,2.5,"Nein, ich schreibe die Klausur in diesem Semester zum ersten Mal.",etwas unterdurchschnittlich,Allgemeine Hochschulreife,Bachelor Sekundarstufe,3,FALSE,TRUE,FALSE,FALSE,FALSE
781,A,weiblich,21,18,2.5,NA,17,18,15,19,7,15,28,18,31,16,2.5,"Nein, ich schreibe die Klausur in diesem Semester zum ersten Mal.",sehr unterdurchschnittlich,Allgemeine Hochschulreife,Bachelor Primarstufe,3,TRUE,FALSE,FALSE,TRUE,FALSE
783,A,weiblich,22,14,1.8,6,19,12,18,19,13,21,40,24,17,16,6,"Nein, ich schreibe die Klausur in diesem Semester zum ersten Mal.",etwas unterdurchschnittlich,Allgemeine Hochschulreife,Bachelor Primarstufe,3,TRUE,FALSE,FALSE,TRUE,FALSE
784,A,weiblich,20,13,2.2,8,19,17,13,18,17,27,34,24,22,21,4.25,"Nein, ich schreibe die Klausur in diesem Semester zum ersten Mal.",etwas unterdurchschnittlich,Allgemeine Hochschulreife,Bachelor Primarstufe,3,FALSE,TRUE,FALSE,TRUE,FALSE
785,B,weiblich,21,11,2.1,4,18,13,12,17,15,18,35,19,19,21,4.75,"Nein, ich schreibe die Klausur in diesem Semester zum ersten Mal.",etwas unterdurchschnittlich,Allgemeine Hochschulreife,Bachelor Sekundarstufe,3,TRUE,FALSE,FALSE,TRUE,FALSE
786,B,weiblich,23,30,1.3,12,15,19,6,20,19,26,35,22,20,23,5.25,"Nein, ich schreibe die Klausur in diesem Semester zum ersten Mal.",etwas überdurchschnittlich,Allgemeine Hochschulreife,Bachelor Sekundarstufe,3,TRUE,FALSE,FALSE,TRUE,FALSE
787,A,männlich,20,14,3.1,3,21,9,9,17,14,9,31,22,24,24,4,"Nein, ich schreibe die Klausur in diesem Semester zum ersten Mal.",etwas überdurchschnittlich,Allgemeine Hochschulreife,Bachelor Sekundarstufe,3,TRUE,FALSE,FALSE,FALSE,FALSE
788,A,weiblich,24,12,2.5,2,13,20,8,18,18,28,38,16,12,15,5.5,"Nein, ich schreibe die Klausur in diesem Semester zum ersten Mal.",etwas überdurchschnittlich,Fachhochschulreife,Bachelor Sekundarstufe,3,FALSE,TRUE,FALSE,TRUE,FALSE
789,A,männlich,22,12,2.5,5,12,13,12,15,13,26,34,25,24,31,4.75,"Nein, ich schreibe die Klausur in diesem Semester zum ersten Mal.",etwas unterdurchschnittlich,Fachhochschulreife,Bachelor Sekundarstufe,3,TRUE,FALSE,FALSE,TRUE,FALSE
790,A,männlich,23,18,3.0,NA,15,18,13,18,18,20,33,15,8,22,4.25,"Nein, ich schreibe die Klausur in diesem Semester zum ersten Mal.",etwas unterdurchschnittlich,Allgemeine Hochschulreife,Bachelor Europalehramt Sekundarstufe,3,TRUE,FALSE,FALSE,TRUE,FALSE
791,A,weiblich,19,15,2.3,3,14,17,19,19,20,27,35,18,16,21,2.75,"Nein, ich schreibe die Klausur in diesem Semester zum ersten Mal.",sehr unterdurchschnittlich,Allgemeine Hochschulreife,Bachelor Europalehramt Primarstufe,3,FALSE,FALSE,FALSE,TRUE,FALSE
792,B,weiblich,21,16,1.6,NA,15,15,11,11,17,24,35,19,15,13,4.5,"Nein, ich schreibe die Klausur in diesem Semester zum ersten Mal.",etwas überdurchschnittlich,Allgemeine Hochschulreife,Bachelor Primarstufe,3,TRUE,FALSE,FALSE,FALSE,FALSE
793,B,weiblich,19,16,1.1,9,14,16,18,10,16,31,35,26,12,11,5.75,"Nein, ich schreibe die Klausur in diesem Semester zum ersten Mal.",etwas unterdurchschnittlich,Allgemeine Hochschulreife,Bachelor Europalehramt Primarstufe,3,TRUE,FALSE,TRUE,TRUE,FALSE
794,A,weiblich,21,9,2.2,7,21,17,8,21,14,14,38,23,19,14,4.25,"Nein, ich schreibe die Klausur in diesem Semester zum ersten Mal.",etwas unterdurchschnittlich,Allgemeine Hochschulreife,Bachelor Primarstufe,3,TRUE,FALSE,FALSE,FALSE,FALSE
795,A,weiblich,20,7,2.1,7,12,21,15,16,9,24,37,22,19,30,3.5,"Nein, ich schreibe die Klausur in diesem Semester zum ersten Mal.",etwas unterdurchschnittlich,Allgemeine Hochschulreife,Bachelor Primarstufe,3,TRUE,FALSE,FALSE,TRUE,FALSE
796,B,weiblich,21,17,1.3,13,8,11,11,16,15,31,33,19,29,23,3.75,"Nein, ich schreibe die Klausur in diesem Semester zum ersten Mal.",etwas unterdurchschnittlich,Allgemeine Hochschulreife,Bachelor Primarstufe,3,TRUE,FALSE,FALSE,TRUE,FALSE
797,A,weiblich,20,18,1.3,13,13,12,17,17,12,22,29,22,30,25,4.25,"Nein, ich schreibe die Klausur in diesem Semester zum ersten Mal.",sehr unterdurchschnittlich,Fachgebundene Hochschulreife,Bachelor Primarstufe,3,TRUE,FALSE,FALSE,FALSE,FALSE
798,A,weiblich,20,10,2.5,5,13,12,18,7,10,18,27,15,25,22,3,"Nein, ich schreibe die Klausur in diesem Semester zum ersten Mal.",sehr unterdurchschnittlich,Allgemeine Hochschulreife,Bachelor Europalehramt Sekundarstufe,3,TRUE,FALSE,FALSE,TRUE,FALSE
799,A,weiblich,21,26,2.9,1,11,18,10,18,21,34,38,17,24,10,4.25,"Nein, ich schreibe die Klausur in diesem Semester zum ersten Mal.",etwas unterdurchschnittlich,Allgemeine Hochschulreife,Bachelor Sekundarstufe,3,TRUE,TRUE,FALSE,TRUE,FALSE
800,B,weiblich,20,24,2.2,NA,16,9,20,21,9,22,31,19,27,14,3,"Nein, ich schreibe die Klausur in diesem Semester zum ersten Mal.",etwas unterdurchschnittlich,Allgemeine Hochschulreife,Bachelor Primarstufe,3,TRUE,FALSE,FALSE,TRUE,FALSE
801,A,männlich,25,6,3.3,7,8,15,12,19,12,23,21,16,18,21,2.75,"Nein, ich schreibe die Klausur in diesem Semester zum ersten Mal.",etwas unterdurchschnittlich,Allgemeine Hochschulreife,Bachelor Primarstufe,8,FALSE,FALSE,FALSE,FALSE,TRUE
803,B,weiblich,20,22,2.4,7,12,14,13,19,17,23,40,12,22,15,3.75,"Nein, ich schreibe die Klausur in diesem Semester zum ersten Mal.",etwas unterdurchschnittlich,Allgemeine Hochschulreife,Bachelor Primarstufe,3,TRUE,FALSE,FALSE,TRUE,FALSE
804,A,weiblich,19,26,2.3,13,15,9,17,17,15,30,33,30,38,29,2,"Nein, ich schreibe die Klausur in diesem Semester zum ersten Mal.",etwas überdurchschnittlich,Allgemeine Hochschulreife,Bachelor Sekundarstufe,3,TRUE,FALSE,FALSE,FALSE,FALSE
805,A,weiblich,21,18,1.9,11,18,11,11,18,13,18,35,14,14,14,3.5,"Nein, ich schreibe die Klausur in diesem Semester zum ersten Mal.",etwas unterdurchschnittlich,Allgemeine Hochschulreife,Bachelor Primarstufe,3,TRUE,FALSE,FALSE,TRUE,FALSE
806,B,männlich,20,16,1.6,11,11,12,13,19,17,28,33,18,16,15,4.25,"Nein, ich schreibe die Klausur in diesem Semester zum ersten Mal.",etwas unterdurchschnittlich,Allgemeine Hochschulreife,Bachelor Sekundarstufe,3,TRUE,FALSE,FALSE,FALSE,FALSE
807,B,weiblich,25,14,1.8,10,15,12,7,21,18,30,34,14,8,18,5.5,"Nein, ich schreibe die Klausur in diesem Semester zum ersten Mal.",sehr unterdurchschnittlich,Allgemeine Hochschulreife,Bachelor Primarstufe,3,TRUE,FALSE,FALSE,TRUE,FALSE
808,A,männlich,21,15,2.7,5,16,16,7,16,16,24,33,17,18,16,3.75,"Nein, ich schreibe die Klausur in diesem Semester zum ersten Mal.",etwas unterdurchschnittlich,Allgemeine Hochschulreife,Bachelor Primarstufe,3,TRUE,FALSE,FALSE,TRUE,FALSE
809,A,weiblich,20,20,3.1,NA,15,10,18,16,15,17,36,21,22,15,2.75,"Nein, ich schreibe die Klausur in diesem Semester zum ersten Mal.",etwas überdurchschnittlich,Allgemeine Hochschulreife,Bachelor Sekundarstufe,3,TRUE,FALSE,FALSE,FALSE,FALSE
810,B,weiblich,20,12,1.7,7,17,16,15,18,16,21,36,17,8,9,4.25,"Nein, ich schreibe die Klausur in diesem Semester zum ersten Mal.",etwas unterdurchschnittlich,Allgemeine Hochschulreife,Bachelor Primarstufe,3,TRUE,FALSE,FALSE,TRUE,FALSE
811,B,weiblich,19,8,2.0,8,12,11,19,16,19,33,30,19,28,27,4,"Nein, ich schreibe die Klausur in diesem Semester zum ersten Mal.",etwas überdurchschnittlich,Allgemeine Hochschulreife,Bachelor Primarstufe,3,TRUE,TRUE,FALSE,TRUE,FALSE
812,A,weiblich,20,20,2.0,13,14,18,13,18,17,26,32,21,14,17,5.25,"Nein, ich schreibe die Klausur in diesem Semester zum ersten Mal.",sehr unterdurchschnittlich,Allgemeine Hochschulreife,Bachelor Primarstufe,3,FALSE,TRUE,FALSE,FALSE,FALSE
813,B,männlich,27,15,3.0,6,11,20,9,12,10,32,34,26,15,23,4,"Nein, ich schreibe die Klausur in diesem Semester zum ersten Mal.",etwas überdurchschnittlich,Allgemeine Hochschulreife,Bachelor Sekundarstufe,3,TRUE,FALSE,FALSE,TRUE,FALSE
815,A,weiblich,20,24,1.3,10,13,16,15,19,15,32,35,21,26,22,3.5,"Nein, ich schreibe die Klausur in diesem Semester zum ersten Mal.",etwas unterdurchschnittlich,Allgemeine Hochschulreife,Bachelor Primarstufe,3,TRUE,FALSE,FALSE,TRUE,FALSE
816,A,weiblich,20,18,2.0,8,20,6,12,14,17,13,33,13,18,14,4.5,"Nein, ich schreibe die Klausur in diesem Semester zum ersten Mal.",etwas unterdurchschnittlich,Allgemeine Hochschulreife,Bachelor Primarstufe,3,TRUE,FALSE,FALSE,FALSE,TRUE
817,A,weiblich,21,10,2.9,3,17,10,18,20,16,33,34,27,31,26,3.25,"Nein, ich schreibe die Klausur in diesem Semester zum ersten Mal.",sehr unterdurchschnittlich,Allgemeine Hochschulreife,Bachelor Sekundarstufe,3,TRUE,FALSE,FALSE,TRUE,FALSE
818,B,weiblich,21,11,2.6,1,15,18,11,16,14,21,35,18,11,15,5,"Nein, ich schreibe die Klausur in diesem Semester zum ersten Mal.",etwas unterdurchschnittlich,Allgemeine Hochschulreife,Bachelor Sekundarstufe,3,TRUE,FALSE,FALSE,TRUE,FALSE
819,B,weiblich,24,14,3.0,6,10,17,17,18,11,26,27,12,8,16,2.75,"Nein, ich schreibe die Klausur in diesem Semester zum ersten Mal.",sehr unterdurchschnittlich,Allgemeine Hochschulreife,Bachelor Primarstufe,3,TRUE,FALSE,FALSE,TRUE,FALSE
820,A,männlich,21,20,2.6,NA,12,18,16,16,14,25,28,24,28,26,3.25,"Nein, ich schreibe die Klausur in diesem Semester zum ersten Mal.",sehr unterdurchschnittlich,Allgemeine Hochschulreife,Bachelor Sekundarstufe,3,TRUE,FALSE,FALSE,FALSE,FALSE
821,A,weiblich,22,16,2.8,NA,17,12,17,19,12,21,32,21,24,23,4.5,"Nein, ich schreibe die Klausur in diesem Semester zum ersten Mal.",etwas unterdurchschnittlich,Allgemeine Hochschulreife,Bachelor Primarstufe,3,TRUE,FALSE,FALSE,TRUE,FALSE
822,B,weiblich,20,9,2.1,8,18,11,17,19,12,18,32,24,19,18,2.75,"Nein, ich schreibe die Klausur in diesem Semester zum ersten Mal.",sehr unterdurchschnittlich,Allgemeine Hochschulreife,Bachelor Primarstufe,33,FALSE,FALSE,FALSE,FALSE,TRUE
823,B,männlich,27,20,2.4,10,13,17,5,18,13,21,37,17,11,15,6.5,"Nein, ich schreibe die Klausur in diesem Semester zum ersten Mal.",etwas unterdurchschnittlich,Allgemeine Hochschulreife,Bachelor Sekundarstufe,3,TRUE,FALSE,FALSE,TRUE,FALSE
824,B,männlich,20,12,2.5,5,7,11,9,14,16,13,26,22,17,16,2.75,"Nein, ich schreibe die Klausur in diesem Semester zum ersten Mal.",etwas unterdurchschnittlich,Allgemeine Hochschulreife,Bachelor Sekundarstufe,3,FALSE,FALSE,FALSE,FALSE,TRUE
825,A,männlich,19,20,3.1,5,13,12,15,16,11,17,30,22,24,22,3.25,"Ja, ich habe bereits an der Klausur teilgenommen.",etwas unterdurchschnittlich,Allgemeine Hochschulreife,Bachelor Sekundarstufe,3,TRUE,FALSE,FALSE,TRUE,FALSE
826,B,weiblich,37,9,3.4,NA,19,17,8,18,18,27,31,24,20,24,3.5,"Nein, ich schreibe die Klausur in diesem Semester zum ersten Mal.",etwas überdurchschnittlich,Allgemeine Hochschulreife,Bachelor Sekundarstufe,3,FALSE,FALSE,FALSE,FALSE,TRUE
827,A,männlich,22,13,1.5,NA,18,17,14,19,21,15,36,18,15,17,4.75,"Nein, ich schreibe die Klausur in diesem Semester zum ersten Mal.",etwas überdurchschnittlich,Allgemeine Hochschulreife,Bachelor Primarstufe,3,TRUE,FALSE,FALSE,TRUE,FALSE
828,B,weiblich,20,22,1.7,8,19,13,9,21,19,23,36,20,24,19,3.75,"Nein, ich schreibe die Klausur in diesem Semester zum ersten Mal.",etwas unterdurchschnittlich,Allgemeine Hochschulreife,Bachelor Primarstufe,3,TRUE,FALSE,FALSE,FALSE,FALSE
829,A,weiblich,22,12,2.7,NA,18,13,14,21,14,19,37,22,20,21,5.25,"Nein, ich schreibe die Klausur in diesem Semester zum ersten Mal.",etwas unterdurchschnittlich,Allgemeine Hochschulreife,Bachelor Primarstufe,3,FALSE,FALSE,FALSE,FALSE,TRUE
830,B,weiblich,23,18,3.3,3,11,11,19,16,17,30,30,19,26,25,4.25,"Nein, ich schreibe die Klausur in diesem Semester zum ersten Mal.",etwas unterdurchschnittlich,Allgemeine Hochschulreife,Bachelor Primarstufe,3,TRUE,FALSE,FALSE,TRUE,FALSE
831,B,weiblich,21,8,1.8,9,14,13,19,19,15,20,40,17,17,10,4,"Nein, ich schreibe die Klausur in diesem Semester zum ersten Mal.",sehr unterdurchschnittlich,Allgemeine Hochschulreife,Bachelor Primarstufe,3,TRUE,FALSE,FALSE,FALSE,FALSE
832,B,weiblich,22,16,2.2,4,19,19,20,17,16,17,35,24,22,22,4.25,"Nein, ich schreibe die Klausur in diesem Semester zum ersten Mal.",etwas unterdurchschnittlich,Allgemeine Hochschulreife,Bachelor Primarstufe,3,TRUE,FALSE,FALSE,FALSE,FALSE
833,B,männlich,23,11,3.2,NA,10,19,9,21,11,26,30,15,10,18,5.5,"Nein, ich schreibe die Klausur in diesem Semester zum ersten Mal.",etwas unterdurchschnittlich,Fachhochschulreife,Bachelor Sekundarstufe,3,TRUE,FALSE,FALSE,TRUE,FALSE
834,A,weiblich,22,20,2.1,12,14,18,19,17,14,26,31,15,27,21,5,"Nein, ich schreibe die Klausur in diesem Semester zum ersten Mal.",etwas unterdurchschnittlich,Fachhochschulreife,Bachelor Primarstufe,3,TRUE,FALSE,FALSE,TRUE,FALSE
835,B,männlich,24,22,2.4,8,16,16,13,20,15,21,34,20,15,15,4.25,"Nein, ich schreibe die Klausur in diesem Semester zum ersten Mal.",etwas unterdurchschnittlich,Allgemeine Hochschulreife,Bachelor Sekundarstufe,3,TRUE,FALSE,FALSE,TRUE,FALSE
837,A,männlich,25,20,2.8,4,13,12,11,14,12,23,32,23,18,18,4.25,"Nein, ich schreibe die Klausur in diesem Semester zum ersten Mal.",etwas unterdurchschnittlich,Allgemeine Hochschulreife,Bachelor Sekundarstufe,3,FALSE,FALSE,FALSE,TRUE,FALSE
838,B,weiblich,20,18,2.4,5,15,13,19,16,11,27,38,23,26,17,2.5,"Nein, ich schreibe die Klausur in diesem Semester zum ersten Mal.",etwas unterdurchschnittlich,Allgemeine Hochschulreife,Bachelor Primarstufe,3,TRUE,TRUE,FALSE,TRUE,FALSE
839,A,männlich,23,20,3.0,5,14,18,14,19,18,20,35,32,26,20,4.5,"Nein, ich schreibe die Klausur in diesem Semester zum ersten Mal.",etwas unterdurchschnittlich,Allgemeine Hochschulreife,Bachelor Sekundarstufe,3,TRUE,FALSE,FALSE,FALSE,FALSE
840,B,weiblich,20,20,2.4,7,18,15,13,19,12,16,28,24,18,17,3.75,"Nein, ich schreibe die Klausur in diesem Semester zum ersten Mal.",etwas überdurchschnittlich,Allgemeine Hochschulreife,Bachelor Sekundarstufe,3,TRUE,FALSE,FALSE,TRUE,FALSE
841,B,weiblich,22,20,2.2,2,16,12,14,17,11,19,36,19,8,8,4,"Nein, ich schreibe die Klausur in diesem Semester zum ersten Mal.",etwas unterdurchschnittlich,Allgemeine Hochschulreife,Bachelor Sekundarstufe,3,FALSE,TRUE,FALSE,TRUE,TRUE
842,B,weiblich,21,20,2.8,NA,15,18,11,19,17,23,38,24,19,19,5.25,"Nein, ich schreibe die Klausur in diesem Semester zum ersten Mal.",etwas unterdurchschnittlich,Allgemeine Hochschulreife,Bachelor Sekundarstufe,3,TRUE,FALSE,FALSE,TRUE,FALSE
843,A,weiblich,21,18,2.2,12,19,12,21,19,9,23,33,27,13,13,5,"Nein, ich schreibe die Klausur in diesem Semester zum ersten Mal.",sehr unterdurchschnittlich,Allgemeine Hochschulreife,Bachelor Primarstufe,3,TRUE,FALSE,FALSE,TRUE,FALSE
844,B,männlich,21,19,2.7,6,18,20,6,21,19,30,39,21,20,16,4.5,"Nein, ich schreibe die Klausur in diesem Semester zum ersten Mal.",etwas unterdurchschnittlich,Allgemeine Hochschulreife,Bachelor Primarstufe,3,TRUE,FALSE,FALSE,TRUE,FALSE
845,B,weiblich,20,20,2.3,NA,12,6,18,18,18,31,36,18,25,25,4.5,"Nein, ich schreibe die Klausur in diesem Semester zum ersten Mal.",etwas unterdurchschnittlich,Allgemeine Hochschulreife,Bachelor Europalehramt Primarstufe,3,TRUE,FALSE,FALSE,TRUE,FALSE
846,B,weiblich,26,13,2.7,NA,21,13,7,20,16,21,33,24,24,19,5.5,"Nein, ich schreibe die Klausur in diesem Semester zum ersten Mal.",etwas überdurchschnittlich,Allgemeine Hochschulreife,Bachelor Primarstufe,3,TRUE,FALSE,FALSE,TRUE,FALSE
847,B,männlich,33,34,2,NA,11,8,16,17,20,30,16,22,28,22,3,"Nein, ich schreibe die Klausur in diesem Semester zum ersten Mal.",sehr überdurchschnittlich,Meister/Techniker/Betriebswirt,Bachelor Europalehramt Sekundarstufe,3,FALSE,FALSE,FALSE,FALSE,TRUE
848,B,weiblich,20,20,2.2,7,15,11,12,19,20,26,36,21,25,22,4.25,"Nein, ich schreibe die Klausur in diesem Semester zum ersten Mal.",etwas unterdurchschnittlich,Allgemeine Hochschulreife,Bachelor Primarstufe,3,TRUE,FALSE,FALSE,TRUE,FALSE
849,B,weiblich,21,9,2.3,9,17,13,20,20,15,27,35,18,16,16,4.5,"Nein, ich schreibe die Klausur in diesem Semester zum ersten Mal.",etwas unterdurchschnittlich,Allgemeine Hochschulreife,Bachelor Primarstufe,3,FALSE,TRUE,FALSE,FALSE,FALSE
850,B,weiblich,22,20,2.7,NA,18,21,20,21,15,24,36,16,10,10,4.5,"Nein, ich schreibe die Klausur in diesem Semester zum ersten Mal.",etwas unterdurchschnittlich,Fachhochschulreife,Bachelor Primarstufe,3,TRUE,FALSE,FALSE,TRUE,FALSE
851,B,weiblich,30,20,2.7,3,19,16,16,19,18,17,30,20,19,14,4.25,"Nein, ich schreibe die Klausur in diesem Semester zum ersten Mal.",etwas unterdurchschnittlich,Allgemeine Hochschulreife,Bachelor Europalehramt Primarstufe,3,FALSE,TRUE,FALSE,FALSE,TRUE
852,B,weiblich,21,12,2.4,7,14,18,19,18,14,28,30,24,17,22,4.75,"Nein, ich schreibe die Klausur in diesem Semester zum ersten Mal.",etwas unterdurchschnittlich,Allgemeine Hochschulreife,Bachelor Sekundarstufe,3,TRUE,TRUE,FALSE,TRUE,FALSE
853,A,weiblich,21,18,2.8,9,12,10,18,20,14,27,33,24,25,14,4.5,"Nein, ich schreibe die Klausur in diesem Semester zum ersten Mal.",etwas unterdurchschnittlich,Allgemeine Hochschulreife,Bachelor Sekundarstufe,3,FALSE,FALSE,FALSE,TRUE,FALSE
855,A,weiblich,20,16,2.2,11,10,11,16,16,11,32,32,18,24,27,3.75,"Nein, ich schreibe die Klausur in diesem Semester zum ersten Mal.",etwas unterdurchschnittlich,Allgemeine Hochschulreife,Bachelor Primarstufe,3,TRUE,FALSE,FALSE,TRUE,FALSE
856,B,weiblich,20,20,2.5,12,19,13,17,18,10,14,34,22,20,23,3.25,"Nein, ich schreibe die Klausur in diesem Semester zum ersten Mal.",etwas unterdurchschnittlich,Allgemeine Hochschulreife,Bachelor Primarstufe,3,TRUE,FALSE,FALSE,FALSE,TRUE
857,A,männlich,20,12,2.8,2,14,15,17,19,11,25,29,22,17,24,4,"Nein, ich schreibe die Klausur in diesem Semester zum ersten Mal.",etwas unterdurchschnittlich,Allgemeine Hochschulreife,Bachelor Sekundarstufe,3,TRUE,FALSE,FALSE,FALSE,FALSE
858,A,weiblich,22,18,2.0,6,20,16,8,19,15,18,38,20,15,10,4.5,"Nein, ich schreibe die Klausur in diesem Semester zum ersten Mal.",etwas unterdurchschnittlich,Allgemeine Hochschulreife,Bachelor Primarstufe,3,TRUE,FALSE,FALSE,TRUE,FALSE
859,B,weiblich,24,11,2.4,4,15,17,18,20,19,24,30,23,22,28,3.75,"Nein, ich schreibe die Klausur in diesem Semester zum ersten Mal.",etwas unterdurchschnittlich,Allgemeine Hochschulreife,Bachelor Sekundarstufe,3,FALSE,TRUE,FALSE,FALSE,FALSE
860,A,weiblich,20,13,2.7,3,20,14,17,20,12,16,27,23,24,23,4,"Nein, ich schreibe die Klausur in diesem Semester zum ersten Mal.",etwas unterdurchschnittlich,Allgemeine Hochschulreife,Bachelor Sekundarstufe,3,FALSE,FALSE,FALSE,TRUE,FALSE
861,B,weiblich,41,12,1.0,NA,20,14,16,20,12,18,35,21,9,22,2,"Nein, ich schreibe die Klausur in diesem Semester zum ersten Mal.",etwas unterdurchschnittlich,Allgemeine Hochschulreife,Bachelor Primarstufe,3,FALSE,FALSE,FALSE,FALSE,TRUE
862,B,männlich,28,14,3.0,8,17,19,7,16,17,23,33,22,15,20,3.75,"Nein, ich schreibe die Klausur in diesem Semester zum ersten Mal.",etwas überdurchschnittlich,Allgemeine Hochschulreife,Bachelor Primarstufe,3,FALSE,TRUE,FALSE,TRUE,FALSE
864,A,weiblich,22,14,1.9,12,13,18,13,19,18,18,32,22,28,20,3.25,"Nein, ich schreibe die Klausur in diesem Semester zum ersten Mal.",etwas unterdurchschnittlich,Allgemeine Hochschulreife,Bachelor Sekundarstufe,3,TRUE,FALSE,FALSE,TRUE,FALSE
865,A,weiblich,20,22,1.9,9,17,12,19,17,13,25,37,23,21,11,3.75,"Nein, ich schreibe die Klausur in diesem Semester zum ersten Mal.",etwas überdurchschnittlich,Allgemeine Hochschulreife,Bachelor Primarstufe,3,TRUE,FALSE,FALSE,FALSE,TRUE
866,B,weiblich,20,6,1.7,9,12,11,18,18,18,31,35,18,14,19,4,"Nein, ich schreibe die Klausur in diesem Semester zum ersten Mal.",etwas überdurchschnittlich,Allgemeine Hochschulreife,Bachelor Primarstufe,3,TRUE,FALSE,FALSE,TRUE,FALSE
867,B,weiblich,20,11,2.3,9,16,19,14,13,7,28,30,23,16,20,3.25,"Nein, ich schreibe die Klausur in diesem Semester zum ersten Mal.",etwas unterdurchschnittlich,Allgemeine Hochschulreife,Bachelor Sekundarstufe,3,TRUE,FALSE,FALSE,TRUE,FALSE
868,A,weiblich,20,24,2.6,5,12,18,15,17,14,25,30,21,24,24,4,"Nein, ich schreibe die Klausur in diesem Semester zum ersten Mal.",etwas unterdurchschnittlich,Allgemeine Hochschulreife,Bachelor Europalehramt Sekundarstufe,3,TRUE,FALSE,FALSE,TRUE,FALSE
870,A,weiblich,20,20,2.3,0,17,21,14,20,21,35,39,19,19,21,5.25,"Nein, ich schreibe die Klausur in diesem Semester zum ersten Mal.",sehr unterdurchschnittlich,Allgemeine Hochschulreife,Bachelor Sekundarstufe,3,TRUE,TRUE,FALSE,FALSE,FALSE
871,B,weiblich,22,17,2.3,NA,18,13,17,19,15,23,32,28,14,19,3.5,"Nein, ich schreibe die Klausur in diesem Semester zum ersten Mal.",sehr unterdurchschnittlich,Allgemeine Hochschulreife,Bachelor Sekundarstufe,3,FALSE,TRUE,FALSE,TRUE,FALSE
873,A,weiblich,19,11,1.7,8,21,16,14,14,20,9,38,34,30,15,1.25,"Nein, ich schreibe die Klausur in diesem Semester zum ersten Mal.",etwas unterdurchschnittlich,Allgemeine Hochschulreife,Bachelor Primarstufe,3,TRUE,FALSE,FALSE,FALSE,FALSE
874,B,weiblich,27,24,2.8,5,11,8,13,18,19,28,37,17,12,13,5.5,"Nein, ich schreibe die Klausur in diesem Semester zum ersten Mal.",etwas unterdurchschnittlich,Allgemeine Hochschulreife,Bachelor Sekundarstufe,3,TRUE,FALSE,FALSE,TRUE,FALSE
875,A,weiblich,19,16,1.8,12,19,14,17,18,16,16,37,22,18,21,5.25,"Nein, ich schreibe die Klausur in diesem Semester zum ersten Mal.",etwas unterdurchschnittlich,Allgemeine Hochschulreife,Bachelor Primarstufe,3,TRUE,FALSE,FALSE,TRUE,FALSE
876,A,weiblich,22,7,2.3,NA,15,13,13,15,13,28,32,23,32,26,4,"Nein, ich schreibe die Klausur in diesem Semester zum ersten Mal.",etwas unterdurchschnittlich,Fachhochschulreife,Bachelor Primarstufe,3,TRUE,FALSE,FALSE,FALSE,TRUE
878,A,weiblich,20,14,2.3,NA,15,14,16,20,20,21,38,31,34,24,4.5,"Nein, ich schreibe die Klausur in diesem Semester zum ersten Mal.",etwas unterdurchschnittlich,Fachhochschulreife,Bachelor Primarstufe,1,TRUE,FALSE,FALSE,TRUE,TRUE
879,B,divers,20,14,2.4,3,11,9,19,16,16,27,39,22,18,21,4.75,"Nein, ich schreibe die Klausur in diesem Semester zum ersten Mal.",etwas unterdurchschnittlich,Allgemeine Hochschulreife,Bachelor Sekundarstufe,3,TRUE,FALSE,FALSE,TRUE,FALSE
880,B,weiblich,25,20,1.6,11,19,14,17,16,9,20,32,26,32,16,2.75,"Nein, ich schreibe die Klausur in diesem Semester zum ersten Mal.",etwas überdurchschnittlich,Allgemeine Hochschulreife,Bachelor Primarstufe,3,TRUE,FALSE,FALSE,TRUE,FALSE
881,A,weiblich,21,6,2.4,4,16,21,14,17,18,21,33,14,13,17,2.75,"Nein, ich schreibe die Klausur in diesem Semester zum ersten Mal.",sehr unterdurchschnittlich,Allgemeine Hochschulreife,Bachelor Primarstufe,3,TRUE,FALSE,FALSE,FALSE,FALSE
882,B,weiblich,21,16,2.1,5,15,10,16,16,15,20,33,21,18,21,4.25,"Nein, ich schreibe die Klausur in diesem Semester zum ersten Mal.",etwas unterdurchschnittlich,Allgemeine Hochschulreife,Bachelor Primarstufe,3,TRUE,FALSE,FALSE,TRUE,FALSE
883,A,weiblich,39,22,1.5,13,17,18,12,12,20,25,40,25,13,12,6,"Nein, ich schreibe die Klausur in diesem Semester zum ersten Mal.",etwas überdurchschnittlich,Allgemeine Hochschulreife,Bachelor Primarstufe,3,FALSE,FALSE,FALSE,FALSE,TRUE
884,A,weiblich,20,10,2.5,6,12,9,21,19,17,33,27,17,16,19,2.5,"Nein, ich schreibe die Klausur in diesem Semester zum ersten Mal.",sehr unterdurchschnittlich,Allgemeine Hochschulreife,Bachelor Sekundarstufe,3,TRUE,FALSE,FALSE,TRUE,FALSE
885,B,weiblich,20,22,2.4,2,18,17,12,11,20,20,28,25,32,23,3.25,"Nein, ich schreibe die Klausur in diesem Semester zum ersten Mal.",sehr unterdurchschnittlich,Fachgebundene Hochschulreife,Bachelor Sekundarstufe,3,FALSE,TRUE,FALSE,FALSE,FALSE
886,A,weiblich,19,10,1.0,NA,14,6,21,19,16,15,33,22,32,17,3.75,"Nein, ich schreibe die Klausur in diesem Semester zum ersten Mal.",etwas unterdurchschnittlich,Allgemeine Hochschulreife,Bachelor Sekundarstufe,3,TRUE,FALSE,FALSE,FALSE,FALSE
887,B,weiblich,21,18,1.7,NA,14,11,14,14,15,20,29,18,13,25,4.75,"Nein, ich schreibe die Klausur in diesem Semester zum ersten Mal.",etwas unterdurchschnittlich,Allgemeine Hochschulreife,Bachelor Primarstufe,3,TRUE,FALSE,FALSE,FALSE,FALSE
888,B,weiblich,20,8,2.7,4,14,14,12,20,18,27,35,18,20,23,4.25,"Nein, ich schreibe die Klausur in diesem Semester zum ersten Mal.",etwas unterdurchschnittlich,Allgemeine Hochschulreife,Bachelor Sekundarstufe,3,TRUE,FALSE,FALSE,TRUE,FALSE
889,A,weiblich,23,18,2.6,8,19,14,14,17,19,18,39,22,13,14,4.75,"Nein, ich schreibe die Klausur in diesem Semester zum ersten Mal.",etwas unterdurchschnittlich,Allgemeine Hochschulreife,Bachelor Primarstufe,3,TRUE,FALSE,FALSE,TRUE,FALSE
890,A,weiblich,21,2,1.9,4,18,17,18,15,14,19,31,24,22,20,2.75,"Nein, ich schreibe die Klausur in diesem Semester zum ersten Mal.",sehr unterdurchschnittlich,Allgemeine Hochschulreife,Bachelor Primarstufe,3,TRUE,FALSE,FALSE,FALSE,FALSE
891,A,weiblich,21,15,2.8,NA,16,14,10,20,16,24,36,22,22,22,5.25,"Nein, ich schreibe die Klausur in diesem Semester zum ersten Mal.",etwas unterdurchschnittlich,Allgemeine Hochschulreife,Bachelor Primarstufe,3,TRUE,FALSE,FALSE,FALSE,FALSE
892,A,weiblich,19,20,1.9,8,19,17,11,18,15,14,37,25,15,16,5,"Nein, ich schreibe die Klausur in diesem Semester zum ersten Mal.",etwas unterdurchschnittlich,Allgemeine Hochschulreife,Bachelor Primarstufe,3,TRUE,FALSE,FALSE,FALSE,TRUE
893,A,weiblich,20,14,3.1,NA,15,14,16,18,16,24,34,18,10,24,5,"Nein, ich schreibe die Klausur in diesem Semester zum ersten Mal.",etwas unterdurchschnittlich,Allgemeine Hochschulreife,Bachelor Primarstufe,3,TRUE,FALSE,FALSE,FALSE,FALSE
894,B,weiblich,21,20,2.3,9,8,18,17,20,15,36,34,13,13,22,3,"Nein, ich schreibe die Klausur in diesem Semester zum ersten Mal.",sehr unterdurchschnittlich,Allgemeine Hochschulreife,Bachelor Primarstufe,3,TRUE,FALSE,FALSE,TRUE,FALSE
895,A,weiblich,36,16,1.3,13,15,12,16,20,12,23,38,17,15,18,5.25,"Nein, ich schreibe die Klausur in diesem Semester zum ersten Mal.",etwas unterdurchschnittlich,Allgemeine Hochschulreife,Bachelor Sekundarstufe,5,FALSE,FALSE,FALSE,FALSE,TRUE
896,A,weiblich,21,24,1.9,5,15,16,10,17,14,22,29,23,19,21,3.25,"Nein, ich schreibe die Klausur in diesem Semester zum ersten Mal.",etwas überdurchschnittlich,Allgemeine Hochschulreife,Bachelor Primarstufe,3,TRUE,FALSE,FALSE,TRUE,FALSE
897,B,weiblich,22,20,2.5,10,15,18,14,20,19,25,35,24,21,22,3.5,"Nein, ich schreibe die Klausur in diesem Semester zum ersten Mal.",etwas überdurchschnittlich,Allgemeine Hochschulreife,Bachelor Primarstufe,3,TRUE,FALSE,FALSE,TRUE,FALSE
898,B,männlich,20,10,2.3,1,9,20,14,20,17,31,28,19,19,18,3,"Nein, ich schreibe die Klausur in diesem Semester zum ersten Mal.",etwas unterdurchschnittlich,Allgemeine Hochschulreife,Bachelor Sekundarstufe,3,FALSE,FALSE,FALSE,TRUE,FALSE
899,A,weiblich,22,15,2.8,4,11,17,19,18,15,22,34,22,20,24,4,"Nein, ich schreibe die Klausur in diesem Semester zum ersten Mal.",etwas unterdurchschnittlich,Allgemeine Hochschulreife,Bachelor Primarstufe,3,TRUE,FALSE,FALSE,FALSE,FALSE
900,A,männlich,22,22,3.0,1,14,18,7,19,14,23,36,26,8,11,4.5,"Nein, ich schreibe die Klausur in diesem Semester zum ersten Mal.",etwas unterdurchschnittlich,Allgemeine Hochschulreife,Bachelor Primarstufe,3,FALSE,FALSE,FALSE,TRUE,FALSE
901,B,weiblich,20,17,2.9,3,15,18,15,21,15,20,37,18,9,11,2.5,"Nein, ich schreibe die Klausur in diesem Semester zum ersten Mal.",etwas unterdurchschnittlich,Allgemeine Hochschulreife,Bachelor Primarstufe,3,FALSE,TRUE,FALSE,TRUE,FALSE
902,B,weiblich,20,15,2.5,1,10,17,18,19,12,28,31,13,16,33,3.25,"Nein, ich schreibe die Klausur in diesem Semester zum ersten Mal.",sehr unterdurchschnittlich,Fachgebundene Hochschulreife,Bachelor Sekundarstufe,3,FALSE,TRUE,FALSE,FALSE,FALSE
903,A,weiblich,21,18,2.3,7,17,16,16,20,19,28,32,9,12,12,4.75,"Nein, ich schreibe die Klausur in diesem Semester zum ersten Mal.",sehr unterdurchschnittlich,Allgemeine Hochschulreife,Bachelor Primarstufe,3,TRUE,FALSE,FALSE,TRUE,TRUE
904,B,weiblich,37,9,1.7,NA,10,20,11,15,16,29,31,15,11,19,3.5,"Nein, ich schreibe die Klausur in diesem Semester zum ersten Mal.",etwas unterdurchschnittlich,Fachgebundene Hochschulreife,Bachelor Sekundarstufe,2,FALSE,FALSE,FALSE,FALSE,TRUE
905,A,männlich,22,10,2.7,7,10,12,12,19,15,26,35,18,18,18,4.75,"Nein, ich schreibe die Klausur in diesem Semester zum ersten Mal.",etwas unterdurchschnittlich,Fachgebundene Hochschulreife,Bachelor Sekundarstufe,3,TRUE,FALSE,FALSE,TRUE,FALSE
906,B,weiblich,24,43,2.9,NA,12,16,16,18,19,21,36,26,24,22,4.5,"Nein, ich schreibe die Klausur in diesem Semester zum ersten Mal.",etwas unterdurchschnittlich,Allgemeine Hochschulreife,Bachelor Sekundarstufe,3,TRUE,FALSE,FALSE,FALSE,FALSE
907,B,weiblich,20,16,2.3,8,17,10,14,12,15,14,25,11,16,12,4.25,"Nein, ich schreibe die Klausur in diesem Semester zum ersten Mal.",sehr unterdurchschnittlich,Allgemeine Hochschulreife,Bachelor Primarstufe,3,TRUE,FALSE,FALSE,TRUE,TRUE
908,B,weiblich,22,18,3.0,7,16,13,12,13,14,28,32,14,15,20,4.75,"Nein, ich schreibe die Klausur in diesem Semester zum ersten Mal.",etwas unterdurchschnittlich,Allgemeine Hochschulreife,Bachelor Europalehramt Primarstufe,5,FALSE,FALSE,FALSE,TRUE,FALSE
909,B,weiblich,21,18,2.7,NA,14,21,15,21,20,32,36,15,8,28,3,"Nein, ich schreibe die Klausur in diesem Semester zum ersten Mal.",etwas unterdurchschnittlich,Allgemeine Hochschulreife,Bachelor Primarstufe,3,TRUE,FALSE,FALSE,FALSE,FALSE
910,A,weiblich,22,13,1.7,6,18,13,21,21,14,16,32,25,24,24,4,"Nein, ich schreibe die Klausur in diesem Semester zum ersten Mal.",sehr unterdurchschnittlich,Allgemeine Hochschulreife,Bachelor Sekundarstufe,3,TRUE,FALSE,FALSE,TRUE,FALSE
911,A,weiblich,22,8,2.1,10,15,18,11,20,16,23,34,21,13,18,3.25,"Nein, ich schreibe die Klausur in diesem Semester zum ersten Mal.",etwas überdurchschnittlich,Allgemeine Hochschulreife,Bachelor Primarstufe,3,TRUE,FALSE,FALSE,FALSE,FALSE
912,B,weiblich,23,12,3.4,0,14,11,17,15,16,36,33,16,20,12,1.25,"Nein, ich schreibe die Klausur in diesem Semester zum ersten Mal.",sehr unterdurchschnittlich,Allgemeine Hochschulreife,Bachelor Europalehramt Primarstufe,3,TRUE,FALSE,FALSE,FALSE,FALSE
913,B,weiblich,21,8,2.9,NA,12,19,14,16,13,27,36,18,15,14,4,"Nein, ich schreibe die Klausur in diesem Semester zum ersten Mal.",etwas unterdurchschnittlich,Allgemeine Hochschulreife,Bachelor Primarstufe,3,FALSE,TRUE,FALSE,TRUE,FALSE
914,B,weiblich,20,9,1.6,10,21,21,18,15,7,16,35,18,9,14,2,"Nein, ich schreibe die Klausur in diesem Semester zum ersten Mal.",etwas unterdurchschnittlich,Allgemeine Hochschulreife,Bachelor Primarstufe,3,TRUE,FALSE,FALSE,TRUE,FALSE
915,A,männlich,21,10,3.2,8,13,17,9,17,17,28,32,21,23,28,3.25,"Nein, ich schreibe die Klausur in diesem Semester zum ersten Mal.",etwas unterdurchschnittlich,Allgemeine Hochschulreife,Bachelor Sekundarstufe,3,TRUE,TRUE,FALSE,TRUE,FALSE
916,A,weiblich,20,3,2.5,4,13,14,16,19,16,24,27,19,18,24,3,"Nein, ich schreibe die Klausur in diesem Semester zum ersten Mal.",etwas unterdurchschnittlich,Allgemeine Hochschulreife,Bachelor Primarstufe,3,FALSE,TRUE,FALSE,FALSE,FALSE
917,B,weiblich,20,24,2.5,3,17,21,9,18,16,16,36,16,14,22,4.5,"Nein, ich schreibe die Klausur in diesem Semester zum ersten Mal.",etwas unterdurchschnittlich,Allgemeine Hochschulreife,Bachelor Sekundarstufe,3,TRUE,FALSE,FALSE,TRUE,FALSE
919,A,weiblich,20,31,2.0,7,10,12,11,18,13,35,27,17,28,31,3.75,"Nein, ich schreibe die Klausur in diesem Semester zum ersten Mal.",etwas unterdurchschnittlich,Allgemeine Hochschulreife,Bachelor Primarstufe,3,FALSE,TRUE,FALSE,TRUE,FALSE
921,A,weiblich,31,12,2,11,13,9,14,12,14,26,34,19,24,27,4,"Nein, ich schreibe die Klausur in diesem Semester zum ersten Mal.",sehr unterdurchschnittlich,Allgemeine Hochschulreife,Bachelor Sekundarstufe,3,FALSE,FALSE,FALSE,FALSE,FALSE
922,A,weiblich,20,18,2.1,4,15,16,15,17,19,20,33,24,23,17,4.25,"Nein, ich schreibe die Klausur in diesem Semester zum ersten Mal.",etwas unterdurchschnittlich,Allgemeine Hochschulreife,Bachelor Sekundarstufe,3,TRUE,FALSE,FALSE,TRUE,FALSE
923,B,weiblich,20,22,2.5,8,18,15,13,18,12,22,37,9,9,8,4,"Nein, ich schreibe die Klausur in diesem Semester zum ersten Mal.",etwas unterdurchschnittlich,Allgemeine Hochschulreife,Bachelor Primarstufe,3,TRUE,FALSE,FALSE,TRUE,FALSE
928,A,männlich,21,11,2.5,8,16,17,11,17,16,18,34,24,20,19,5,"Nein, ich schreibe die Klausur in diesem Semester zum ersten Mal.",sehr unterdurchschnittlich,Fachgebundene Hochschulreife,Bachelor Sekundarstufe,3,FALSE,FALSE,FALSE,TRUE,FALSE
939,B,männlich,22,12,2.3,9,15,15,14,18,9,22,34,18,18,18,4.25,"Nein, ich schreibe die Klausur in diesem Semester zum ersten Mal.",etwas unterdurchschnittlich,Allgemeine Hochschulreife,Bachelor Sekundarstufe,5,TRUE,FALSE,FALSE,TRUE,FALSE
